,name,y_preds,y_preds_sc,error,error_sc,uq_sc,uq
0,metal_co_ox_2_spin_2_ligstr_C2H6P2_C2H6P2_C2H6P2_C2H6P2_C2H6P2_C2H6P2,14.826318,-0.10180019,0.9795346589132397,0.2010434946067586,0.1007928601143015,0.49130358373949023
2,metal_co_ox_2_spin_2_ligstr_[PH2]-[S]-[S]-[PH2]_[PH2]-[S]-[S]-[PH2]_[PH2]-[S]-[S]-[PH2]_[PH2]-[S]-[S]-[PH2]_[PH2]-[S]-[S]-[PH2]_[PH2]-[S]-[S]-[PH2],15.160256,-0.03326126,0.5231028314277744,0.1073637254902857,0.1771402177882045,0.8634502853182755
12,metal_co_ox_3_spin_5_ligstr_[NH2]-[CH3]_[NH2]-[CH3]_[NH2]-[CH3]_[NH2]-[CH3]_[NH2]-[CH3]_[NH2]-[CH3],19.914055,0.94242674,-0.2758187439043418,-0.0566101305210812,0.1467605200147933,0.7153678281673079
24,metal_mn_ox_2_spin_6_ligstr_[SH]-[OH]_[SH]-[OH]_[SH]-[OH]_[SH]-[OH]_[SH]-[OH]_[SH]-[OH],15.691636,0.07580117,0.341829773393373,0.0701585320645882,0.1191190012213501,0.580632319840422
26,metal_mn_ox_3_spin_5_ligstr_[N]#[P]_[N]#[P]_[N]#[P]_[N]#[P]_[N]#[P]_[N]#[P],19.935312,0.94678986,0.6138948981851158,0.1259983248435233,0.1355329829580768,0.6606404478124165
27,metal_co_ox_2_spin_2_ligstr_[OH]-[S]-[S]-[OH]_[OH]-[S]-[S]-[OH]_[OH]-[S]-[S]-[OH]_[OH]-[S]-[S]-[OH]_[OH]-[S]-[S]-[OH]_[OH]-[S]-[S]-[OH],16.340187,0.20891233,-0.728550135101564,-0.1495303720197376,0.1546273666715912,0.7537138970339996
30,metal_co_ox_2_spin_4_ligstr_[OH]-[OH]_[OH]-[OH]_[OH]-[OH]_[OH]-[OH]_[OH]-[OH]_[OH]-[OH],17.648443,0.47742373,-0.3609717408373498,-0.0740873323885827,0.1321435731867443,0.6441191469431992
35,metal_co_ox_3_spin_5_ligstr_[N]#[N]_[N]#[N]_[N]#[N]_[N]#[N]_[N]#[N]_[N]#[N],26.797482,2.355208,-0.558982323497311,-0.1147277988442785,0.1025977763862571,0.5001014473158973
37,metal_cr_ox_2_spin_1_ligstr_[PH2]-[O]-[O]-[PH2]_[PH2]-[O]-[O]-[PH2]_[PH2]-[O]-[O]-[PH2]_[PH2]-[O]-[O]-[PH2]_[PH2]-[O]-[O]-[PH2]_[PH2]-[O]-[O]-[PH2],15.098018,-0.046035476,0.3163438327567842,0.0649275982038105,0.1418722266468284,0.6915403859523769
39,metal_cr_ox_2_spin_5_ligstr_C2H6S2_C2H6S2_C2H6S2_C2H6S2_C2H6S2_C2H6S2,13.901641,-0.29158455,-0.4010016831872107,-0.082303233677009,0.1303830955946455,0.6355378947680912
40,metal_cr_ox_2_spin_5_ligstr_[NH]=[PH]_[NH]=[PH]_[NH]=[PH]_[NH]=[PH]_[NH]=[PH]_[NH]=[PH],14.030077,-0.2652238,0.6220435479443047,0.1276705753715062,0.1324053534336368,0.6453951656344501
41,metal_cr_ox_2_spin_5_ligstr_[O+]-[PH3-]_[O+]-[PH3-]_[O+]-[PH3-]_[O+]-[PH3-]_[O+]-[PH3-]_[O+]-[PH3-],14.01989,-0.26731452,1.1043708372151606,0.2266654313696731,0.1387092716426468,0.6761229136532583
47,metal_fe_ox_2_spin_1_ligstr_[OH]-[PH]-[PH]-[OH]_[OH]-[PH]-[PH]-[OH]_[OH]-[PH]-[PH]-[OH]_[OH]-[PH]-[PH]-[OH]_[OH]-[PH]-[PH]-[OH]_[OH]-[PH]-[PH]-[OH],15.059357,-0.05397028,-0.2887845976732102,-0.0592711841294916,0.1341921770663572,0.6541048386536542
57,metal_mn_ox_2_spin_6_ligstr_[SH]-[S]-[S]-[SH]_[SH]-[S]-[S]-[SH]_[SH]-[S]-[S]-[SH]_[SH]-[S]-[S]-[SH]_[SH]-[S]-[S]-[SH]_[SH]-[S]-[S]-[SH],15.296954,-0.005204986,-0.2571897789230188,-0.0527866731481552,0.1767959039696089,0.8617719659133573
62,metal_co_ox_2_spin_2_ligstr_[OH]-[OH]_[OH]-[OH]_[OH]-[OH]_[OH]-[OH]_[OH]-[OH]_[OH]-[OH],17.738556,0.49591878,0.3885460389503485,0.0797465859872329,0.1376849479635676,0.6711299618323642
68,metal_co_ox_3_spin_1_ligstr_[NH+]-[PH3-]_[NH+]-[PH3-]_[NH+]-[PH3-]_[NH+]-[PH3-]_[NH+]-[PH3-]_[NH+]-[PH3-],18.312145,0.61364466,0.5221027511241516,0.107158460555056,0.128469316782361,0.626209392849465
71,metal_cr_ox_2_spin_5_ligstr_C2H6P2_C2H6P2_C2H6P2_C2H6P2_C2H6P2_C2H6P2,13.890016,-0.29397047,0.1613972019131555,0.0331258056050006,0.1234080750743461,0.6015389331909174
73,metal_fe_ox_2_spin_1_ligstr_[NH]=[O]_[NH]=[O]_[NH]=[O]_[NH]=[O]_[NH]=[O]_[NH]=[O],19.518362,0.8612133,0.8637584592367169,0.1772812449046377,0.1276007921014437,0.621975865912964
75,metal_fe_ox_2_spin_1_ligstr_[PH+]-[PH3-]_[PH+]-[PH3-]_[PH+]-[PH3-]_[PH+]-[PH3-]_[PH+]-[PH3-]_[PH+]-[PH3-],12.101486,-0.6610552,0.7396058285797515,0.1517995781734292,0.1581009831107928,0.7706456539380186
89,metal_co_ox_2_spin_4_ligstr_[N]#[N]_[N]#[N]_[N]#[N]_[N]#[N]_[N]#[N]_[N]#[N],21.422935,1.2521152,-0.8271199269318963,-0.1697613447074779,0.1124543171408365,0.5481460587150343
94,metal_co_ox_3_spin_5_ligstr_[O]=[PH]_[O]=[PH]_[O]=[PH]_[O]=[PH]_[O]=[PH]_[O]=[PH],19.49703,0.8568348,-0.0579546958555994,-0.0118950255335535,0.1280135724078566,0.623987917596067
97,metal_cr_ox_2_spin_1_ligstr_[NH2]-[OH]_[NH2]-[OH]_[NH2]-[OH]_[NH2]-[OH]_[NH2]-[OH]_[NH2]-[OH],14.548403,-0.15884055,1.3874869537481764,0.2847732016332208,0.1293967200655696,0.6307299169827761
104,metal_fe_ox_2_spin_5_ligstr_[O+]-[SH2-]_[O+]-[SH2-]_[O+]-[SH2-]_[O+]-[SH2-]_[O+]-[SH2-]_[O+]-[SH2-],14.789693,-0.10931719,0.4544890659249621,0.0932811317058955,0.1113693269455651,0.5428573947099199
114,metal_mn_ox_3_spin_5_ligstr_[NH3]_[NH3]_[NH3]_[NH3]_[NH3]_[NH3],22.396894,1.4520143,0.5304563182290494,0.1088728340283553,0.1184223469122591,0.5772365559113517
120,metal_cr_ox_2_spin_1_ligstr_C2H8P2_C2H8P2_C2H8P2_C2H8P2_C2H8P2_C2H8P2,13.605271,-0.35241252,0.73247059755181,0.1503350932221244,0.1356268488390793,0.66109798660708
123,metal_cr_ox_2_spin_5_ligstr_[O]=[PH]_[O]=[PH]_[O]=[PH]_[O]=[PH]_[O]=[PH]_[O]=[PH],14.279778,-0.21397428,-0.1073722343208576,-0.0220375479163988,0.1293359714539413,0.6304338046334853
124,metal_fe_ox_2_spin_1_ligstr_[NH2]-[CH3]_[NH2]-[CH3]_[NH2]-[CH3]_[NH2]-[CH3]_[NH2]-[CH3]_[NH2]-[CH3],13.924839,-0.28682327,-0.1202734589685157,-0.0246854767163934,0.1506403819884239,0.7342797837353671
137,metal_co_ox_2_spin_2_ligstr_[SH]-[S]-[S]-[SH]_[SH]-[S]-[S]-[SH]_[SH]-[S]-[S]-[SH]_[SH]-[S]-[S]-[SH]_[SH]-[S]-[S]-[SH]_[SH]-[S]-[S]-[SH],15.452702,0.026761334,-0.339210540645297,-0.0696208177123831,0.184600399568848,0.899814111486337
161,metal_mn_ox_2_spin_6_ligstr_H6P4_H6P4_H6P4_H6P4_H6P4_H6P4,13.94149,-0.2834056,0.0617202710076139,0.0126677472799538,0.1478974957911995,0.7209098901044321
166,metal_co_ox_2_spin_2_ligstr_[OH]-[SH]_[OH]-[SH]_[OH]-[SH]_[OH]-[SH]_[OH]-[SH]_[OH]-[SH],15.71788,0.08118754,-0.1559433372930989,-0.0320064433417003,0.0910018676566462,0.44357848022166846
169,metal_co_ox_2_spin_4_ligstr_[PH2]-[SH]_[PH2]-[SH]_[PH2]-[SH]_[PH2]-[SH]_[PH2]-[SH]_[PH2]-[SH],14.366497,-0.19617556,0.0887618748644332,0.0182178510344567,0.1312022004961873,0.6395305304878207
171,metal_co_ox_3_spin_1_ligstr_[C+]#[O-]_[C+]#[O-]_[C+]#[O-]_[C+]#[O-]_[C+]#[O-]_[C+]#[O-],27.325907,2.463664,-0.6195921652651322,-0.1271675097355449,0.1273807164479991,0.6209031316229703
172,metal_co_ox_3_spin_1_ligstr_[P]#[P]_[P]#[P]_[P]#[P]_[P]#[P]_[P]#[P]_[P]#[P],17.521317,0.45133185,-1.2690531847292874,-0.2604653954754248,0.2134764674935784,1.0405672922139868
181,metal_fe_ox_3_spin_6_ligstr_[CH2+]-[PH3-]_[CH2+]-[PH3-]_[CH2+]-[PH3-]_[CH2+]-[PH3-]_[CH2+]-[PH3-]_[CH2+]-[PH3-],15.99502,0.13806884,0.4239438072357817,0.0870119278755144,0.1515869589900684,0.7388937680261785
196,metal_co_ox_3_spin_5_ligstr_[NH3]_[NH3]_[NH3]_[NH3]_[NH3]_[NH3],22.656517,1.5053005,-0.1408743124141942,-0.0289134266035993,0.1032819542969506,0.5034363964289389
201,metal_cr_ox_3_spin_2_ligstr_[N+]=[NH2-]_[N+]=[NH2-]_[N+]=[NH2-]_[N+]=[NH2-]_[N+]=[NH2-]_[N+]=[NH2-],20.471647,1.056869,1.3768732495492235,0.2825946585418537,0.1318019976437736,0.6424541749581899
203,metal_fe_ox_2_spin_1_ligstr_[N]#[P]_[N]#[P]_[N]#[P]_[N]#[P]_[N]#[P]_[N]#[P],15.257501,-0.0133025,0.7091052305879106,0.1455395483240898,0.1140558557370196,0.5559525804360131
207,metal_fe_ox_2_spin_5_ligstr_[NH2]-[OH]_[NH2]-[OH]_[NH2]-[OH]_[NH2]-[OH]_[NH2]-[OH]_[NH2]-[OH],15.048982,-0.05609974,-0.5180305194035171,-0.1063225563150917,0.0895135731285964,0.43632395411276015
212,metal_mn_ox_2_spin_6_ligstr_[NH3]_[NH3]_[NH3]_[NH3]_[NH3]_[NH3],15.872605,0.112943955,-0.4232412297783199,-0.0868676620919721,0.1072286667053629,0.5226742070044416
218,metal_co_ox_2_spin_2_ligstr_C2H6S2_C2H6S2_C2H6S2_C2H6S2_C2H6S2_C2H6S2,14.709308,-0.12581587,0.0776290160414863,0.0159328049950844,0.1213254412248336,0.5913873661779135
221,metal_co_ox_2_spin_2_ligstr_[N]#[P]_[N]#[P]_[N]#[P]_[N]#[P]_[N]#[P]_[N]#[P],15.634016,0.06397497,0.9859871893161678,0.2023678652529813,0.0952833476277392,0.4644480780396232
227,metal_co_ox_2_spin_4_ligstr_[SH]-[S]-[S]-[SH]_[SH]-[S]-[S]-[SH]_[SH]-[S]-[S]-[SH]_[SH]-[S]-[S]-[SH]_[SH]-[S]-[S]-[SH]_[SH]-[S]-[S]-[SH],15.414063,0.01883093,-0.1307279687986611,-0.0268312106764178,0.1816539674683641,0.885452055993803
235,metal_fe_ox_2_spin_1_ligstr_[PH2]-[CH3]_[PH2]-[CH3]_[PH2]-[CH3]_[PH2]-[CH3]_[PH2]-[CH3]_[PH2]-[CH3],13.737293,-0.32531574,-0.3048797659070406,-0.0625746395612676,0.1224559344594446,0.5968978296862193
236,metal_fe_ox_2_spin_1_ligstr_[SH]-[CH3]_[SH]-[CH3]_[SH]-[CH3]_[SH]-[CH3]_[SH]-[CH3]_[SH]-[CH3],14.309528,-0.207868,0.0310736640644826,0.0063777390260349,0.1237885030047981,0.6033932868164987
239,metal_fe_ox_2_spin_5_ligstr_[OH]-[OH]_[OH]-[OH]_[OH]-[OH]_[OH]-[OH]_[OH]-[OH]_[OH]-[OH],17.20881,0.3871918,-0.6367756224196697,-0.1306944522807754,0.1359059774324242,0.6624585678831644
241,metal_fe_ox_3_spin_6_ligstr_[C+]#[S-]_[C+]#[S-]_[C+]#[S-]_[C+]#[S-]_[C+]#[S-]_[C+]#[S-],20.678524,1.0993294,0.064054417089288,0.0131467497035175,0.105741735594589,0.5154263267213689
243,metal_mn_ox_2_spin_6_ligstr_[N+]=[NH2-]_[N+]=[NH2-]_[N+]=[NH2-]_[N+]=[NH2-]_[N+]=[NH2-]_[N+]=[NH2-],15.041874,-0.057558637,1.3390685075422333,0.2748355896837275,0.1282411127517258,0.6250970376891122
249,metal_co_ox_2_spin_2_ligstr_[PH]=[NH]_[PH]=[NH]_[PH]=[NH]_[PH]=[NH]_[PH]=[NH]_[PH]=[NH],15.144627,-0.036469195,0.0713368118951311,0.0146414886292098,0.1067157956965226,0.5201742743271311
255,metal_cr_ox_2_spin_5_ligstr_[N+]=[NH2-]_[N+]=[NH2-]_[N+]=[NH2-]_[N+]=[NH2-]_[N+]=[NH2-]_[N+]=[NH2-],14.137614,-0.24315237,0.0645753424947059,0.0132537020398034,0.1280084903267632,0.6239631455571427
259,metal_fe_ox_2_spin_1_ligstr_C2H6S2_C2H6S2_C2H6S2_C2H6S2_C2H6S2_C2H6S2,14.227196,-0.22476628,-0.3635666472213508,-0.0746197970045079,0.1376055719930376,0.6707430524943421
264,metal_fe_ox_3_spin_2_ligstr_[C+]#[S-]_[C+]#[S-]_[C+]#[S-]_[C+]#[S-]_[C+]#[S-]_[C+]#[S-],21.612896,1.2911036,-0.6388577000167857,-0.1311215488977708,0.1196187715321291,0.583068394622444
267,metal_fe_ox_3_spin_6_ligstr_[NH2]-[CH3]_[NH2]-[CH3]_[NH2]-[CH3]_[NH2]-[CH3]_[NH2]-[CH3]_[NH2]-[CH3],19.506203,0.85871744,-0.8210966472461081,-0.1685252213515011,0.1481546871723742,0.7221635408802385
268,metal_mn_ox_2_spin_2_ligstr_[CH+]=[NH2-]_[CH+]=[NH2-]_[CH+]=[NH2-]_[CH+]=[NH2-]_[CH+]=[NH2-]_[CH+]=[NH2-],13.889632,-0.29404914,-0.6653161994668704,-0.1365520596599878,0.1466896335720905,0.7150223000882462
270,metal_mn_ox_2_spin_6_ligstr_C2H8P2_C2H8P2_C2H8P2_C2H8P2_C2H8P2_C2H8P2,14.785215,-0.110236116,0.5387621400518778,0.1105777200000741,0.1143500502177695,0.5573865987042208
273,metal_mn_ox_2_spin_6_ligstr_[NH]=[PH]_[NH]=[PH]_[NH]=[PH]_[NH]=[PH]_[NH]=[PH]_[NH]=[PH],15.010987,-0.063897856,0.5903749853952185,0.1211708978096999,0.1180386120652481,0.5753660830888876
276,metal_mn_ox_2_spin_6_ligstr_[SH]-[NH]-[NH]-[SH]_[SH]-[NH]-[NH]-[SH]_[SH]-[NH]-[NH]-[SH]_[SH]-[NH]-[NH]-[SH]_[SH]-[NH]-[NH]-[SH]_[SH]-[NH]-[NH]-[SH],15.060614,-0.053712297,-0.0322839454842469,-0.0066259889588685,0.1171961440889651,0.5712595666604003
277,metal_mn_ox_3_spin_5_ligstr_[N]#[N]_[N]#[N]_[N]#[N]_[N]#[N]_[N]#[N]_[N]#[N],26.106855,2.2134614,-0.5734673831521064,-0.1177004946261206,0.1081039735870164,0.5269407930239327
280,metal_co_ox_2_spin_4_ligstr_[PH2]-[NH2]_[PH2]-[NH2]_[PH2]-[NH2]_[PH2]-[NH2]_[PH2]-[NH2]_[PH2]-[NH2],14.036451,-0.26391536,0.004650189244252,0.0009545047854434,0.1041916120213136,0.5078704218097946
289,metal_fe_ox_2_spin_1_ligstr_[S]=[CH]-[CH]=[S]_[S]=[CH]-[CH]=[S]_[S]=[CH]-[CH]=[S]_[S]=[CH]-[CH]=[S]_[S]=[CH]-[CH]=[S]_[S]=[CH]-[CH]=[S],15.313509,-0.0018072492,-0.2566552602479053,-0.0526770079410293,0.1564767734575889,0.7627286246716756
294,metal_mn_ox_2_spin_6_ligstr_C2H6P2_C2H6P2_C2H6P2_C2H6P2_C2H6P2_C2H6P2,14.734504,-0.12064453,0.1551420377099965,0.0318418746920823,0.1007330517143461,0.4910120543474034
297,metal_mn_ox_2_spin_6_ligstr_[N]#[CH]_[N]#[CH]_[N]#[CH]_[N]#[CH]_[N]#[CH]_[N]#[CH],17.01153,0.34670106,-0.3738722109716583,-0.0767351847307478,0.1102284174904741,0.537296158493656
300,metal_mn_ox_2_spin_6_ligstr_[PH2]-[OH]_[PH2]-[OH]_[PH2]-[OH]_[PH2]-[OH]_[PH2]-[OH]_[PH2]-[OH],15.126126,-0.04026633,0.6971919416167474,0.1430943719279989,0.1288089290870953,0.6278647952480949
305,metal_mn_ox_2_spin_6_ligstr_[OH]-[NH2]_[OH]-[NH2]_[OH]-[NH2]_[OH]-[NH2]_[OH]-[NH2]_[OH]-[NH2],16.512573,0.24429339,0.4917026814326277,0.1009189167768349,0.133611972078335,0.6512766939855144
307,metal_co_ox_2_spin_2_ligstr_water_water_water_water_misc_misc,17.046705,0.35392082,0.3379936713510929,0.0693711782906036,0.0883380644443528,0.430594067803047
312,metal_co_ox_3_spin_1_ligstr_pyr_pyr_pyr_pyr_water_carbonyl,18.475163,0.647103,0.3515398346163572,0.0721515175296361,0.1600925397137923,0.7803532750449513
315,metal_cr_ox_2_spin_5_ligstr_carbonyl_carbonyl_carbonyl_carbonyl_misc_misc,17.183552,0.38200784,0.6394301470941137,0.1312392760992163,0.1091462386896054,0.5320211983177986
320,metal_cr_ox_3_spin_4_ligstr_water_water_water_water_carbonyl_misc,24.004614,1.7819889,0.514677591025734,0.1056342936356169,0.1163786491702837,0.5672747786230183
321,metal_mn_ox_2_spin_6_ligstr_misc_misc_misc_misc_pyr_pyr,13.652439,-0.34273165,-0.005174211047219,-0.0010620263764375,0.0772295603111896,0.37644690019197896
324,metal_co_ox_2_spin_2_ligstr_water_water_water_water_water_misc,17.355398,0.41727805,0.0609510389347853,0.0125097675609879,0.0812944663961068,0.3962608326949312
327,metal_fe_ox_2_spin_1_ligstr_pyr_pyr_pyr_pyr_misc_furan,13.005946,-0.4754203,0.0887012241336844,0.0182054198145792,0.075029748431559,0.3657241619068505
345,metal_co_ox_3_spin_1_ligstr_en_en_en_en_mec_mec,8.709119,-1.3573178,-0.3425096993294207,-0.070297950488362,0.242018896267107,1.179694186015406
347,metal_cr_ox_2_spin_5_ligstr_phen_phen_phen_phen_phen_phen,11.673593,-0.74887776,0.3223854800076235,0.0661676492253126,0.2367154748499843,1.153843248306541
352,metal_fe_ox_2_spin_5_ligstr_misc_misc_misc_misc_water_furan,14.323941,-0.20490988,-0.23471104920635,-0.0481729855571764,0.0886695910903977,0.4322100575578995
357,metal_mn_ox_2_spin_6_ligstr_pyr_pyr_pyr_pyr_pyr_carbonyl,13.977328,-0.2760501,0.3029128316927281,0.0621710008714189,0.0467523531274412,0.22788914426793677
368,metal_cr_ox_3_spin_2_ligstr_water_water_water_water_misc_misc,21.8352,1.33673,-1.363539078834641,-0.2798579831286023,0.1279451240290888,0.6236542735884296
370,metal_fe_ox_2_spin_1_ligstr_furan_furan_furan_furan_water_pyr,13.655371,-0.34213,-0.2797995909960349,-0.0574272497996096,0.0938676193420933,0.45754726800654716
371,metal_fe_ox_2_spin_1_ligstr_misc_misc_misc_misc_water_misc,14.287766,-0.21233447,-0.0894287778914524,-0.0183546289703779,0.0945529913435603,0.46088803758222535
382,metal_co_ox_2_spin_4_ligstr_furan_furan_furan_furan_water_pyr,14.132853,-0.24412967,0.3398592221261012,0.0697540372722818,0.0660740620677135,0.3220706650181372
385,metal_co_ox_3_spin_1_ligstr_porphyrin_porphyrin_porphyrin_porphyrin_isothiocyanate_isothiocyanate,1.5369421,-2.8293633,-2.2086186064097006,-0.4533055025270389,0.3546723674376896,1.7288109988931804
410,metal_cr_ox_2_spin_5_ligstr_misc_misc_misc_misc_water_water,14.443939,-0.18028106,0.1608180553793303,0.0330069121783819,0.1280996019745515,0.6244072591484034
411,metal_cr_ox_3_spin_4_ligstr_misc_misc_misc_misc_misc_misc,19.501402,0.8577322,-0.4321428988932965,-0.0886947723414567,0.1037656520963676,0.505794127542343
415,metal_fe_ox_2_spin_5_ligstr_water_water_water_water_misc_misc,16.849354,0.31341553,0.1082891286822125,0.022225614891681,0.0994180548835615,0.4846022485849923
416,metal_fe_ox_3_spin_6_ligstr_furan_furan_furan_furan_furan_furan,17.144766,0.37404713,0.2818523788065192,0.0578484936428511,0.1620597964398417,0.7899424491049752
439,metal_fe_ox_2_spin_5_ligstr_furan_furan_furan_furan_water_misc,14.185912,-0.2332396,0.4210586342142779,0.0864196328697676,0.0629831766691121,0.30700448799390306
443,metal_mn_ox_2_spin_2_ligstr_misc_misc_misc_misc_carbonyl_carbonyl,16.1316,0.16610083,-0.4013089488138739,-0.0823662770119124,0.1316745668947827,0.6418330279485026
453,metal_co_ox_3_spin_1_ligstr_porphyrin_porphyrin_porphyrin_porphyrin_furan_furan,5.770413,-1.9604692,-3.928226932595619,-0.8062445085193295,0.3429573133481187,1.6717072709963718
454,metal_co_ox_3_spin_1_ligstr_pyr_pyr_pyr_pyr_pyr_carbonyl,17.01805,0.3480392,-0.3859914979986598,-0.0792224903432248,0.1159382065496886,0.5651278900667793
466,metal_fe_ox_3_spin_6_ligstr_carbonyl_carbonyl_carbonyl_carbonyl_water_water,25.466125,2.0819554,-0.6296008851088608,-0.1292216221871993,0.1069713928069652,0.5214201540076115
469,metal_mn_ox_2_spin_6_ligstr_misc_misc_misc_misc_water_misc,14.890434,-0.08864068,0.1649138260006211,0.0338475382287435,0.1095799977839991,0.5341355087690901
471,metal_co_ox_2_spin_2_ligstr_misc_misc_misc_misc_carbonyl_carbonyl,15.904191,0.119426645,0.2330874737468953,0.0478397130199017,0.0891142272439709,0.4343773870241229
480,metal_cr_ox_2_spin_5_ligstr_misc_misc_misc_misc_water_misc,13.865455,-0.2990114,0.413465473438773,0.0848613145565227,0.1084791687120042,0.5287696399214119
487,metal_fe_ox_2_spin_1_ligstr_water_water_water_water_water_carbonyl,18.395594,0.63077193,0.4109789595571556,0.0843509808275583,0.1069799213576099,0.5214617254789548
506,metal_fe_ox_3_spin_2_ligstr_carbonyl_carbonyl_carbonyl_carbonyl_water_carbonyl,26.988424,2.394398,-0.6262189144985975,-0.128527479638679,0.096238572941203,0.4691042175643002
525,metal_cr_ox_2_spin_5_ligstr_furan_furan_furan_furan_water_pyr,13.746144,-0.3234992,-0.9676873766154088,-0.1986119339522973,0.0754510692332805,0.3677778432842321
540,metal_co_ox_2_spin_2_ligstr_misc_misc_misc_misc_water_misc,14.774155,-0.11250632,0.4499493299280992,0.0923493708141441,0.1043813699917944,0.5087953759269277
544,metal_cr_ox_2_spin_5_ligstr_pyr_pyr_pyr_pyr_misc_misc,13.109076,-0.4542537,0.8249006861028327,0.1693057763678548,0.0951280581781831,0.4636911368932232
549,metal_fe_ox_2_spin_1_ligstr_carbonyl_carbonyl_carbonyl_carbonyl_carbonyl_misc,18.686161,0.69040924,-0.5480994181779373,-0.1124938689647754,0.0886114780787855,0.43192679214768503
561,metal_co_ox_2_spin_2_ligstr_misc_misc_misc_misc_water_pyr,14.3409605,-0.20141675,0.1770523950017892,0.0363389734332167,0.0775704668575947,0.3781086112276529
562,metal_co_ox_2_spin_2_ligstr_water_water_water_water_carbonyl_misc,18.013468,0.5523427,0.366432952202441,0.0752079591288238,0.0833591937976733,0.4063251167194582
575,metal_cr_ox_2_spin_5_ligstr_water_water_water_water_pyr_furan,14.247517,-0.2205955,-0.4649514866228532,-0.0954283642888002,0.1215364807280669,0.5924160547589453
577,metal_fe_ox_2_spin_5_ligstr_carbonyl_carbonyl_carbonyl_carbonyl_water_misc,18.504456,0.65311503,-0.5249885956259313,-0.1077507847197164,0.0803207034682109,0.391514333630956
578,metal_fe_ox_2_spin_5_ligstr_furan_furan_furan_furan_pyr_pyr,13.707565,-0.33141732,-0.0162498801613999,-0.0033352209007179,0.0792292068547515,0.3861939548142026
582,metal_fe_ox_3_spin_6_ligstr_carbonyl_carbonyl_carbonyl_carbonyl_carbonyl_misc,24.553797,1.8947055,0.1397489357185151,0.0286827213618761,0.1021390522780691,0.49786544768214464
588,metal_co_ox_2_spin_4_ligstr_pyr_pyr_pyr_pyr_water_carbonyl,14.437286,-0.18164642,0.1259942007227188,0.0258596183620003,0.0797127534805086,0.38855094904841914
589,metal_co_ox_2_spin_4_ligstr_water_water_water_water_misc_furan,15.854891,0.10930823,0.72013333056519,0.1478030444308699,0.1017412930717016,0.49592661468016297
596,metal_cr_ox_3_spin_2_ligstr_misc_misc_misc_misc_carbonyl_carbonyl,22.157997,1.4029822,0.0831370411914917,0.0170634098235833,0.1127553064065534,0.5496131974066653
607,metal_mn_ox_2_spin_6_ligstr_misc_misc_misc_misc_water_pyr,14.271603,-0.21565215,-0.1552919278599116,-0.0318727954005973,0.0751076097601215,0.36610368829110124
610,metal_co_ox_2_spin_4_ligstr_misc_misc_misc_misc_water_furan,14.517342,-0.16521564,0.5271918725210529,0.1082029206788245,0.0898137552556707,0.43778715849686933
611,metal_co_ox_3_spin_1_ligstr_misc_misc_misc_misc_carbonyl_furan,18.959822,0.7465763,0.8214884351366862,0.1686055555277334,0.1280948241534879,0.6243839701911464
615,metal_fe_ox_2_spin_1_ligstr_carbonyl_carbonyl_carbonyl_carbonyl_misc_furan,16.45962,0.233425,0.490189490655581,0.1006083855910803,0.0870671277697838,0.4243990283705555
622,metal_fe_ox_3_spin_2_ligstr_misc_misc_misc_misc_carbonyl_carbonyl,22.36516,1.4455011,0.3216358073930792,0.0660137677985572,0.1090868636815336,0.531731781446235
627,metal_mn_ox_3_spin_5_ligstr_water_water_water_water_carbonyl_carbonyl,25.174496,2.0221,-0.0221007201764571,-0.0045361550918601,0.1233947933078331,0.6014741926976044
634,metal_co_ox_3_spin_5_ligstr_water_water_water_water_water_carbonyl,25.248251,2.037238,-0.2946700886218494,-0.0604792584532578,0.1051257896851238,0.5124239669077197
640,metal_fe_ox_3_spin_6_ligstr_furan_furan_furan_furan_water_misc,17.971289,0.543686,0.1004130584956719,0.0206092656729951,0.1479071222897619,0.7209568134007569
650,metal_cr_ox_2_spin_5_ligstr_pyr_pyr_pyr_pyr_water_misc,13.188639,-0.43792382,0.2847946423792322,0.0584523480465609,0.0909294618690994,0.44322554626518706
653,metal_cr_ox_3_spin_4_ligstr_misc_misc_misc_misc_carbonyl_carbonyl,22.053349,1.3815038,0.7732751323963711,0.1587101040549745,0.110051291661962,0.5364327783472632
657,metal_fe_ox_2_spin_5_ligstr_misc_misc_misc_misc_water_water,15.460688,0.02840031,0.1924322429903373,0.0394954975380206,0.0804904245084497,0.39234161996066985
658,metal_fe_ox_3_spin_6_ligstr_water_water_water_water_water_pyr,20.782059,1.1205792,-0.4772559008567469,-0.0979538584351489,0.1227629624592719,0.5983944035154812
661,metal_mn_ox_2_spin_6_ligstr_pyr_pyr_pyr_pyr_pyr_misc,13.59156,-0.35522658,0.2597691507272905,0.0533160497766704,0.0485276169211152,0.23654247013770485
666,metal_co_ox_3_spin_1_ligstr_carbonyl_carbonyl_carbonyl_carbonyl_carbonyl_misc,25.121479,2.0112188,0.4864925072596477,0.0998496568648532,0.1025962827350693,0.5000941666793464
675,metal_cr_ox_3_spin_4_ligstr_water_water_water_water_water_misc,23.583757,1.6956108,0.2459241911396397,0.0504744228170466,0.1121127879010367,0.5464813124296806
679,metal_mn_ox_2_spin_6_ligstr_pyr_pyr_pyr_pyr_carbonyl_misc,14.287215,-0.21244766,0.6496148374955499,0.1333295022955271,0.0819201568937482,0.39931069141959047
680,metal_mn_ox_2_spin_6_ligstr_pyr_pyr_pyr_pyr_water_water,14.154142,-0.23976,0.4009054977447679,0.0822834818016626,0.0953813021612236,0.46492554651596013
692,metal_cr_ox_2_spin_5_ligstr_furan_furan_furan_furan_pyr_pyr,13.357059,-0.4033566,0.0282342157053197,0.0057949532198391,0.0812917607203631,0.3962476441795164
693,metal_fe_ox_2_spin_1_ligstr_water_water_water_water_carbonyl_misc,17.375778,0.42146087,0.273287754215918,0.0560905215913332,0.1064870258236899,0.5190591610319346
694,metal_fe_ox_2_spin_5_ligstr_furan_furan_furan_furan_pyr_carbonyl,14.147629,-0.24109687,0.328694795074723,0.0674626795208309,0.0397549630570956,0.19378114480760478
698,metal_fe_ox_3_spin_6_ligstr_misc_misc_misc_misc_carbonyl_carbonyl,21.624977,1.293583,0.8218414843545965,0.1686778837943485,0.1126826958377762,0.5492592652668574
700,metal_mn_ox_2_spin_2_ligstr_furan_furan_furan_furan_water_carbonyl,14.600298,-0.14818929,-1.084959687523524,-0.2226812604429984,0.126769206531289,0.6179223945625159
710,metal_co_ox_3_spin_1_ligstr_pyr_pyr_pyr_pyr_carbonyl_carbonyl,18.494741,0.6511212,0.460978471909975,0.0946128600083271,0.1747574593927948,0.8518357945942046
715,metal_cr_ox_3_spin_4_ligstr_misc_misc_misc_misc_water_carbonyl,21.739931,1.3171768,0.6315485729280965,0.1296216052846797,0.0974135308527139,0.47483141919359956
717,metal_fe_ox_2_spin_1_ligstr_pyr_pyr_pyr_pyr_water_carbonyl,13.691082,-0.33480033,-0.0440327262125652,-0.0090373928800625,0.0924534615537505,0.4506541131878623
726,metal_co_ox_2_spin_2_ligstr_[C-]#[O+]_[C-]#[O+]_[C-]#[O+]_[C-]#[O+]_N_N,19.156849,0.787015,0.5727691954623424,0.1175575334180916,0.0809413435682145,0.3945395747541707
741,metal_fe_ox_2_spin_5_ligstr_N_N_N_N_N#[C-]_[C-]#[O+],12.453014,-0.5889061,0.4626758277392646,0.0949614779985746,0.1477765072865116,0.7203201450979203
744,metal_fe_ox_3_spin_6_ligstr_N#CC_N#CC_N#CC_N#CC_[OH2]_[OH2],20.983921,1.1620102,-0.049665406150595,-0.0101935831356212,0.1084370716898033,0.5285644426698545
745,metal_fe_ox_3_spin_6_ligstr_N#C[O-]_N#C[O-]_N#C[O-]_N#C[O-]_N#CC_N#CC,3.9234474,-2.3395476,-1.07343485030289,-0.2203158785730439,0.1723386027259516,0.8400453468618498
755,metal_co_ox_2_spin_2_ligstr_[SH2]_[SH2]_[SH2]_[SH2]_[I-]_N,12.196072,-0.64164215,0.1036948488146869,0.0212827110174341,0.139552272851338,0.680232029263799
756,metal_co_ox_2_spin_2_ligstr_pyr_pyr_pyr_pyr_N#CC_N#CC,13.27191,-0.42083287,-0.5472650283110152,-0.112322736830651,0.0705119268169137,0.3437025430396623
757,metal_co_ox_3_spin_5_ligstr_N#CC_N#CC_N#CC_N#CC_N#CC_[F-],15.495516,0.03554858,-1.6807429158449168,-0.3449622581190274,0.1528711338900116,0.7451533357155458
761,metal_cr_ox_3_spin_2_ligstr_[OH2]_[OH2]_[OH2]_[OH2]_[PH3]_[PH3],22.380823,1.4487158,-1.2905040396962022,-0.2648681310330467,0.1236405235842155,0.6026719775931125
764,metal_fe_ox_2_spin_1_ligstr_[OH2]_[OH2]_[OH2]_[OH2]_pyr_pyr,14.546984,-0.15913184,-0.2602887769379531,-0.0534227292243996,0.1183879864601829,0.5770690697101982
766,metal_fe_ox_2_spin_1_ligstr_pyr_pyr_pyr_pyr_[PH3]_[PH3],13.785122,-0.31549925,0.5918727455946975,0.1214782871420409,0.1007502935191335,0.4910960976067433
772,metal_mn_ox_2_spin_6_ligstr_N_N_N_N_pyr_pyr,14.677844,-0.1322736,0.0287183544780234,0.0058941758444324,0.1193995271706788,0.5819997123727979
773,metal_mn_ox_2_spin_6_ligstr_[OH2]_[OH2]_[OH2]_[OH2]_N_N,17.75265,0.49881136,0.4680956894539783,0.0960736651523667,0.1164410707715331,0.5675790457741022
774,metal_mn_ox_2_spin_6_ligstr_[SH2]_[SH2]_[SH2]_[SH2]_N_N,16.277752,0.19609784,-0.0514654330018551,-0.0105629341226692,0.1017060685862865,0.4957549168446199
775,metal_co_ox_2_spin_2_ligstr_pyr_pyr_pyr_pyr_N#[C-]_C=O,10.96638,-0.89402884,1.2756808217402469,0.2618256457184673,0.1484461553661416,0.7235842701658408
777,metal_co_ox_2_spin_4_ligstr_[SH2]_[SH2]_[SH2]_[SH2]_[I-]_N,12.3067,-0.6189364,0.5082358237634086,0.1043122602858492,0.1396070273542781,0.6804989239971148
779,metal_co_ox_3_spin_1_ligstr_[C-]#[O+]_[C-]#[O+]_[C-]#[O+]_[C-]#[O+]_N_N,25.203907,2.0281365,-0.9937480820086684,-0.2039608104364836,0.1044968319205693,0.5093581822539657
784,metal_cr_ox_2_spin_5_ligstr_C=O_C=O_C=O_C=O_pyr_pyr,14.299879,-0.20984845,-0.127202875444512,-0.0261075520098287,0.1241887030072563,0.6053440172074936
786,metal_cr_ox_3_spin_2_ligstr_N#CC_N#CC_N#CC_N#CC_[OH-]_[OH-],10.31626,-1.027462,-0.4270523711432012,-0.0876499867842561,0.1385645835138101,0.6754176474653416
789,metal_fe_ox_2_spin_1_ligstr_N_N_N_N_[SH2]_[SH2],15.626386,0.06240877,0.0651352786832095,0.0133685232590298,0.1188096674543964,0.5791245068058117
791,metal_fe_ox_2_spin_1_ligstr_pyr_pyr_pyr_pyr_[C-]#[O+]_[C-]#[O+],14.271407,-0.21569215,0.2408632708353391,0.0494357690420882,0.1002985965093628,0.48889435078248317
804,metal_co_ox_2_spin_4_ligstr_[C-]#[O+]_[C-]#[O+]_[C-]#[O+]_[C-]#[O+]_N#[C-]_N#[C-],9.216564,-1.2531679,-0.0733079540202439,-0.0150460536278458,0.1553253331630553,0.7571160570500713
806,metal_co_ox_2_spin_4_ligstr_[OH2]_[OH2]_[OH2]_[OH2]_[SH2]_[SH2],17.296045,0.40509635,-0.030199665702252,-0.0061982419564702,0.0885793012572749,0.43176994981080147
810,metal_cr_ox_2_spin_5_ligstr_C=O_C=O_C=O_C=O_pyr_[F-],11.293888,-0.8268097,0.8936447992132859,0.1834152154231565,0.1385588342441074,0.6753896232897639
812,metal_cr_ox_3_spin_4_ligstr_[OH2]_[OH2]_[OH2]_[OH2]_N#CC_N#CC,22.57755,1.489093,0.182412438047482,0.0374389450342003,0.1275986151370609,0.6219652545422605
817,metal_fe_ox_3_spin_2_ligstr_pyr_pyr_pyr_pyr_[OH-]_[OH-],10.405137,-1.0092206,-0.4652420325147908,-0.0954881803416968,0.1522163626660989,0.7419617262258159
821,metal_mn_ox_2_spin_2_ligstr_N_N_N_N_N_N,15.87436,0.11330413,-0.3327844207741499,-0.0683019328471789,0.122434566210805,0.5967936725353759
823,metal_mn_ox_2_spin_6_ligstr_[SH2]_[SH2]_[SH2]_[SH2]_N#[C-]_C=O,12.768175,-0.52422136,0.6708273696367737,0.1376832404272312,0.1417182990464384,0.6907900829882357
826,metal_co_ox_2_spin_2_ligstr_N_N_N_N_C=O_C=O,15.99453,0.1379681,-0.4874441149172952,-0.1000450114726974,0.1149244658175829,0.560186523643588
829,metal_co_ox_2_spin_4_ligstr_C=O_C=O_C=O_C=O_[PH3]_[PH3],15.848513,0.10799908,-0.2382997040813208,-0.0489095459610263,0.1038550988651209,0.5062301258659602
839,metal_cr_ox_2_spin_5_ligstr_pyr_pyr_pyr_pyr_[OH2]_[OH2],13.443051,-0.38570714,0.0859255532752847,0.0176357200976154,0.1071532465666439,0.5223065799285084
840,metal_cr_ox_3_spin_4_ligstr_N#CC_N#CC_N#CC_N#CC_N#[C-]_N#[C-],11.14217,-0.857949,-1.1765434694185224,-0.241478367440867,0.135872141980265,0.6622936407357017
849,metal_mn_ox_2_spin_2_ligstr_[C-]#[O+]_[C-]#[O+]_[C-]#[O+]_[C-]#[O+]_N#CC_[PH3],18.429787,0.6377896,-0.1742952145287901,-0.03577320653134,0.0965539452496194,0.4706414647975017
860,metal_co_ox_3_spin_1_ligstr_N#CC_N#CC_N#CC_N#CC_N#CC_[F-],15.020819,-0.06188002,-1.6374379867030946,-0.3360741023908014,0.1552475599848072,0.7567369603447217
863,metal_co_ox_3_spin_5_ligstr_C=O_C=O_C=O_C=O_[F-]_[F-],12.886699,-0.49989516,-0.8838157121886585,-0.1813977892537477,0.1604854473102428,0.7822684594141189
866,metal_cr_ox_2_spin_5_ligstr_C=O_C=O_C=O_C=O_N#CC_N#CC,14.769466,-0.113468625,0.2174716000039129,0.0446346728279291,0.145973353423991,0.7115308721902417
871,metal_cr_ox_3_spin_4_ligstr_[F-]_[F-]_[F-]_[F-]_pyr_pyr,2.5569818,-2.6200063,-0.1505763032641334,-0.0309047844517058,0.1620255937449458,0.7897757318736471
874,metal_fe_ox_3_spin_2_ligstr_[PH3]_[PH3]_[PH3]_[PH3]_C=O_[PH3],20.899714,1.1447272,-0.9066713913036571,-0.1860887046907027,0.1163028007055298,0.5669050637194778
876,metal_fe_ox_3_spin_6_ligstr_C=O_C=O_C=O_C=O_[OH2]_[OH2],22.546852,1.4827923,0.7449920665707808,0.1529050238306237,0.1299914020957329,0.6336286283823076
878,metal_mn_ox_2_spin_2_ligstr_[PH3]_[PH3]_[PH3]_[PH3]_[OH-]_[OH-],6.6020265,-1.7897857,0.3639883663362466,0.0747063550516231,0.1562759314291034,0.7617496425468651
884,metal_co_ox_2_spin_4_ligstr_N#CC_N#CC_N#CC_N#CC_[OH-]_N#CC,11.163788,-0.8535121,0.8283354052661984,0.1700107386678726,0.1167924321682478,0.5692917178145414
885,metal_co_ox_2_spin_4_ligstr_[SH2]_[SH2]_[SH2]_[SH2]_[C-]#[O+]_[C-]#[O+],16.719423,0.28674808,-0.2083111934292425,-0.0427546718848816,0.1115442815905626,0.543710191663808
890,metal_cr_ox_3_spin_4_ligstr_N#C[O-]_N#C[O-]_N#C[O-]_N#C[O-]_[PH3]_[PH3],4.8894753,-2.1412764,0.1995652457305636,0.0409595476700053,0.1505504621776958,0.7338414796212682
891,metal_cr_ox_3_spin_4_ligstr_[C-]#[O+]_[C-]#[O+]_[C-]#[O+]_[C-]#[O+]_[S--]_[S--],4.561991,-2.2084904,1.317858674357895,0.2704825433213957,0.1820893178911266,0.887574123198198
899,metal_fe_ox_2_spin_5_ligstr_[SH2]_[SH2]_[SH2]_[SH2]_[PH3]_[PH3],15.714451,0.08048367,-0.2691274655713105,-0.055236799137524,0.0732953768286393,0.35727016047178706
901,metal_fe_ox_3_spin_2_ligstr_[F-]_[F-]_[F-]_[F-]_N#CC_N#CC,2.5548427,-2.6204455,-0.8960487992177466,-0.1839085896433587,0.1549237712232214,0.7551586880468498
913,metal_mn_ox_2_spin_6_ligstr_[C-]#[O+]_[C-]#[O+]_[C-]#[O+]_[C-]#[O+]_N#C[O-]_N#C[O-],8.9904,-1.2995865,-0.1613331904000716,-0.0331126113946778,0.1491907473430139,0.7272137009235966
927,metal_fe_ox_2_spin_1_ligstr_N#CC_N#CC_N#CC_N#CC_pyr_pyr,13.43157,-0.38806373,0.2916394205317019,0.059857108826379,0.1028789081239471,0.5014717926962484
928,metal_fe_ox_2_spin_1_ligstr_N_N_N_N_pyr_C=O,14.144281,-0.24178408,-0.2607545647484688,-0.0535183779997547,0.1233606401870033,0.6013077171095464
939,metal_mn_ox_2_spin_6_ligstr_[PH3]_[PH3]_[PH3]_[PH3]_N#C[O-]_[OH2],11.762272,-0.73067695,-0.1127614804641758,-0.0231436773005876,0.1364192789676497,0.6649605991134447
951,metal_cr_ox_3_spin_2_ligstr_[OH2]_[OH2]_[OH2]_[OH2]_N#CC_N#CC,22.48313,1.4697137,-0.7029953123906161,-0.14428542993333,0.1245300404282178,0.6070078284932594
953,metal_fe_ox_2_spin_1_ligstr_N_N_N_N_N#[C-]_[C-]#[O+],12.215144,-0.6377277,0.2985027627562342,0.0612657994101665,0.1475304105154264,0.7191205737647548
975,metal_co_ox_3_spin_5_ligstr_[SH2]_[SH2]_[SH2]_[SH2]_[OH-]_[PH3],17.801205,0.50877714,0.9398565076155484,0.1928997733914784,0.1425762267850786,0.6949719563084834
978,metal_cr_ox_2_spin_5_ligstr_[SH2]_[SH2]_[SH2]_[SH2]_[I-]_[C-]#[O+],11.429628,-0.7989499,-0.2163136561520975,-0.0443970295794698,0.153924985624751,0.7502902187588524
988,metal_fe_ox_2_spin_5_ligstr_[PH3]_[PH3]_[PH3]_[PH3]_[PH3]_[PH3],15.276402,-0.00942308,-0.1513401184468072,-0.0310616642929344,0.0889761767716557,0.4337044753545019
995,metal_mn_ox_3_spin_5_ligstr_C=O_C=O_C=O_C=O_[F-]_[F-],11.976076,-0.68679494,-1.071292964419337,-0.2198764082318725,0.1740973080387614,0.8486179602587239
997,metal_co_ox_2_spin_2_ligstr_C=O_C=O_C=O_C=O_N#CC_N#CC,15.42335,0.020737022,0.1731093044390039,0.0355295485519028,0.1238311203108693,0.603601020133902
1003,metal_cr_ox_2_spin_1_ligstr_C=O_C=O_C=O_C=O_[SH2]_[SH2],14.171298,-0.23623894,0.345976311998367,0.0710095653738612,0.1481589956468677,0.7221845420598529
1006,metal_fe_ox_2_spin_5_ligstr_C=O_C=O_C=O_C=O_N#C[O-]_[PH3],11.554841,-0.7732507,-0.6218551123953873,-0.1276318717589397,0.1205838748786284,0.5877726835202526
1010,metal_fe_ox_3_spin_6_ligstr_C=O_C=O_C=O_C=O_N_N,21.525454,1.2731565,0.05078692207098,0.0104237348468807,0.1334544396177749,0.6505088195315033
1021,metal_co_ox_3_spin_1_ligstr_[C-]#[O+]_[C-]#[O+]_[C-]#[O+]_[C-]#[O+]_pyr_C=O,20.847189,1.1339467,-0.0484272340243627,-0.0099395634215599,0.1322704592593322,0.6447376389883537
1032,metal_fe_ox_2_spin_5_ligstr_[C-]#[O+]_[C-]#[O+]_[C-]#[O+]_[C-]#[O+]_N_[PH3],17.939734,0.5372093,-0.1530986676110295,-0.0314226600356588,0.10519207456888,0.5127470651996051
1034,metal_fe_ox_2_spin_5_ligstr_[OH2]_[OH2]_[OH2]_[OH2]_N_N,18.019863,0.5536556,0.5401249367454746,0.1108574844569868,0.1127584804820493,0.5496286690845641
1047,metal_co_ox_2_spin_4_ligstr_[SH2]_[SH2]_[SH2]_[SH2]_N#[C-]_N#CC,11.871603,-0.70823735,-0.0783043606689037,-0.0160715114452277,0.1039494704366566,0.5066901295928714
1050,metal_co_ox_3_spin_1_ligstr_C=O_C=O_C=O_C=O_[F-]_[F-],12.867397,-0.50385666,-0.4709264769993062,-0.0966548033708408,0.1578232825713941,0.7692920335520286
1056,metal_cr_ox_3_spin_2_ligstr_[F-]_[F-]_[F-]_[F-]_N#CC_N#CC,2.2913263,-2.6745305,-0.8384232635932785,-0.1720811810046889,0.1743799533808897,0.8499956835355259
1057,metal_cr_ox_3_spin_4_ligstr_C=O_C=O_C=O_C=O_N_N,21.872238,1.3443317,-0.3521728993835609,-0.072281506039846,0.1249377038505331,0.6089949384940658
1060,metal_fe_ox_2_spin_1_ligstr_[OH2]_[OH2]_[OH2]_[OH2]_N_N,17.36075,0.41837656,0.8837952271668783,0.1813935523001476,0.1203270577077069,0.5865208567906957
1069,metal_mn_ox_2_spin_6_ligstr_[OH2]_[OH2]_[OH2]_[OH2]_[SH2]_[SH2],16.989677,0.34221607,0.1375975884256384,0.0282409749908035,0.0941508520613005,0.45892785438757633
1075,metal_co_ox_2_spin_4_ligstr_pyr_pyr_pyr_pyr_[OH2]_[OH2],14.277323,-0.214478,0.1118947121480555,0.022965757893056,0.0818531915176627,0.39898427614354853
1076,metal_co_ox_3_spin_1_ligstr_[C-]#[O+]_[C-]#[O+]_[C-]#[O+]_[C-]#[O+]_[OH-]_[OH-],13.632711,-0.3467806,-0.5371062800844868,-0.1102377847378779,0.1585849175665451,0.7730045386064021
1083,metal_fe_ox_3_spin_6_ligstr_[PH3]_[PH3]_[PH3]_[PH3]_N#CC_[PH3],19.8058,0.9202081,0.2197517351577183,0.0451027932800471,0.1090316348941488,0.5314625748661561
1084,metal_mn_ox_2_spin_2_ligstr_N_N_N_N_[OH2]_[OH2],16.21594,0.18341137,-0.5333217295983452,-0.109461033457681,0.1201737448921365,0.5857735505267647
1090,metal_co_ox_2_spin_2_ligstr_[PH3]_[PH3]_[PH3]_[PH3]_C=O_C=O,15.788411,0.09566361,-0.1700002974199943,-0.0348915145704005,0.0861597893977965,0.4199763084148345
1101,metal_cr_ox_3_spin_4_ligstr_N#CC_N#CC_N#CC_N#CC_[OH2]_[OH2],21.202091,1.2067884,0.1945806097659677,0.0399365534925471,0.1070897269653295,0.5219969606982565
1102,metal_cr_ox_3_spin_4_ligstr_N#CC_N#CC_N#CC_N#CC_pyr_pyr,17.617176,0.47100645,0.0957273078649514,0.0196474763857267,0.1288822718119063,0.6282222962010395
1104,metal_fe_ox_2_spin_1_ligstr_pyr_pyr_pyr_pyr_[OH-]_[OH-],5.3093295,-2.0551038,0.7881242925517284,0.1617577744740561,0.1864063082018999,0.9086168122165111
1118,metal_co_ox_2_spin_4_ligstr_[PH3]_[PH3]_[PH3]_[PH3]_N#C[O-]_N#C[O-],7.7263193,-1.5590315,-0.3013493507560625,-0.0618501248528093,0.1538938898734745,0.7501386459785593
1124,metal_cr_ox_3_spin_4_ligstr_N#[C-]_N#[C-]_N#[C-]_N#[C-]_[C-]#[O+]_[SH2],5.9525294,-1.923091,-0.1643280628429098,-0.033727378018693,0.0863470098314019,0.4208888935907614
1134,metal_fe_ox_3_spin_6_ligstr_[OH2]_[OH2]_[OH2]_[OH2]_[OH-]_[OH-],12.971663,-0.48245662,-0.3198941445682184,-0.0656562992491597,0.1368988294499315,0.6672981145908494
1139,metal_mn_ox_3_spin_5_ligstr_N#CC_N#CC_N#CC_N#CC_[PH3]_[PH3],18.891617,0.7325775,-1.6069445728612344,-0.3298156490534325,0.1372994765250552,0.6692510241878168
1141,metal_co_ox_2_spin_2_ligstr_[C-]#[O+]_[C-]#[O+]_[C-]#[O+]_[C-]#[O+]_[OH2]_C=O,19.07835,0.7709033,0.2871416685383003,0.0589339048926559,0.0840407926039714,0.40964749427504166
1142,metal_co_ox_2_spin_4_ligstr_C=O_C=O_C=O_C=O_N_N,16.376247,0.21631332,-0.2186024784535867,-0.0448669056595224,0.1228836105420796,0.5989824891734088
1150,metal_cr_ox_2_spin_5_ligstr_N_N_N_N_N#CC_[F-],10.217998,-1.0476297,0.6452405123293357,0.1324317019664911,0.1317457359213932,0.6421799334513857
1151,metal_cr_ox_3_spin_2_ligstr_C=O_C=O_C=O_C=O_N_N,22.17195,1.4058459,-0.9863083816372402,-0.2024336965503692,0.1223945073889627,0.596598410264723
1155,metal_cr_ox_3_spin_4_ligstr_N#CC_N#CC_N#CC_N#CC_[OH-]_[OH-],10.577411,-0.9738624,0.4029618250978686,0.0827054348300475,0.1307615640030137,0.6373826969212656
1156,metal_fe_ox_2_spin_1_ligstr_N#CC_N#CC_N#CC_N#CC_[I-]_N#[C-],7.145719,-1.6781962,0.826419373661988,0.1696174630783862,0.1782725048037969,0.8689694924124227
1158,metal_fe_ox_2_spin_1_ligstr_[PH3]_[PH3]_[PH3]_[PH3]_[I-]_N,11.319689,-0.8215143,0.4001290676642899,0.0821240866340693,0.146363603768988,0.7134331040828099
1170,metal_mn_ox_2_spin_6_ligstr_N#CC_N#CC_N#CC_N#CC_[SH2]_[SH2],15.216985,-0.021618206,0.1645247537397871,0.033767668897895,0.1040189208837518,0.5070286580710938
1175,metal_mn_ox_3_spin_5_ligstr_N#[C-]_N#[C-]_N#[C-]_N#[C-]_C=O_C=O,5.6633325,-1.9824468,-0.4902578018303778,-0.1006222905236022,0.1213710093968266,0.591609483162978
1187,metal_fe_ox_2_spin_1_ligstr_N#CC_N#CC_N#CC_N#CC_N#[C-]_[C-]#[O+],11.390526,-0.8069755,0.1897500726488346,0.0389450426639401,0.1239037550815676,0.6039550702432818
1190,metal_fe_ox_2_spin_5_ligstr_C=O_C=O_C=O_C=O_pyr_pyr,14.819302,-0.10324017,-0.088092667488782,-0.0180804417239944,0.130663286410642,0.6369036537303219
1194,metal_fe_ox_3_spin_2_ligstr_N#CC_N#CC_N#CC_N#CC_C=O_C=O,20.16974,0.9949045,-0.954291379989442,-0.1958626644319181,0.1281561897081782,0.6246830897607599
1197,metal_fe_ox_3_spin_6_ligstr_[OH-]_[OH-]_[OH-]_[OH-]_N_N,3.652724,-2.395112,1.459006226697201,0.2994520827273677,0.1514261850782654,0.7381100934786852
1200,metal_mn_ox_2_spin_6_ligstr_C=O_C=O_C=O_C=O_[PH3]_[PH3],16.058332,0.1510634,0.2006641329948291,0.0411851870589806,0.1217011286108377,0.5932186125469542
1202,metal_mn_ox_2_spin_6_ligstr_[PH3]_[PH3]_[PH3]_[PH3]_C=O_C=O,15.637413,0.064672194,0.2380456381004236,0.048857447451202,0.0944106539719963,0.4601942298991201
1207,metal_co_ox_2_spin_2_ligstr_[C-]#[O+]_[C-]#[O+]_[C-]#[O+]_[C-]#[O+]_pyr_C=O,16.982151,0.34067133,-0.4515420405090573,-0.0926763297980982,0.0798834536939002,0.3893830082487363
1211,metal_co_ox_3_spin_1_ligstr_pyr_pyr_pyr_pyr_[SH2]_[SH2],17.816702,0.5119577,0.0870896662548403,0.0178744474302027,0.1275191922765098,0.6215781166440467
1222,metal_fe_ox_2_spin_5_ligstr_C=O_C=O_C=O_C=O_N_N,16.167751,0.17352101,-0.2964515002687875,-0.0608446979825344,0.1228376129108258,0.5987582788369535
1223,metal_fe_ox_2_spin_5_ligstr_N_N_N_N_[C-]#[O+]_[F-],12.202448,-0.6403335,-0.1620335107589277,-0.0332564208532406,0.1426209239636375,0.6951898277329487
1224,metal_fe_ox_2_spin_5_ligstr_[PH3]_[PH3]_[PH3]_[PH3]_[OH2]_[OH2],15.861553,0.11067563,0.1450857662084619,0.0297780410009766,0.089278316888125,0.4351772237400968
1225,metal_fe_ox_2_spin_5_ligstr_pyr_pyr_pyr_pyr_[PH3]_[PH3],13.933021,-0.28514397,-0.0651779446802169,-0.013377375519813,0.1021703664260988,0.4980180850131152
1230,metal_fe_ox_3_spin_2_ligstr_[PH3]_[PH3]_[PH3]_[PH3]_pyr_[PH3],19.019503,0.7588253,-1.6291108331076425,-0.3343651217291783,0.1365914199831284,0.665799681343251
1238,metal_co_ox_2_spin_4_ligstr_[SH2]_[SH2]_[SH2]_[SH2]_N#CC_N#CC,15.58045,0.052980926,-0.1485600678735767,-0.0304909785664782,0.1086487196401064,0.5295960970584404
1244,metal_fe_ox_2_spin_1_ligstr_C=O_C=O_C=O_C=O_[SH2]_[SH2],15.340739,0.0037817247,-0.2557137424447067,-0.0524836382990396,0.118816756507723,0.5791590616076174
1255,metal_mn_ox_2_spin_6_ligstr_[C-]#[O+]_[C-]#[O+]_[C-]#[O+]_[C-]#[O+]_N#CC_[PH3],18.270292,0.60505456,0.7365317229399082,0.1511686566864578,0.101312400119194,0.49383602369615237
1258,metal_mn_ox_2_spin_6_ligstr_[SH2]_[SH2]_[SH2]_[SH2]_C=O_C=O,16.312979,0.20332788,0.2327750667620378,0.0477756447512341,0.0971529898558202,0.4735614410886051
1259,metal_co_ox_2_spin_2_ligstr_N#CC_N#CC_N#CC_N#CC_pyr_pyr,13.754541,-0.32177576,-0.1628611317948216,-0.0334262815668774,0.0906790746046921,0.4420050613996268
1262,metal_co_ox_3_spin_1_ligstr_N#CC_N#CC_N#CC_N#CC_[I-]_[I-],10.884685,-0.91079634,0.1771862356201339,0.0363663575477835,0.1857075438840956,0.9052107632846996
1265,metal_cr_ox_2_spin_5_ligstr_[SH2]_[SH2]_[SH2]_[SH2]_N#CC_N#CC,14.536148,-0.16135566,-0.0977108025767261,-0.0200544626820449,0.1308244996001211,0.637689469487979
1266,metal_cr_ox_3_spin_2_ligstr_N_N_N_N_[OH2]_[OH2],24.061941,1.7937553,-0.6582226940578764,-0.1350959595425667,0.1127538733706283,0.5496062122324691
1267,metal_cr_ox_3_spin_4_ligstr_N#CC_N#CC_N#CC_N#CC_N#CC_[SH2],20.25209,1.0118065,0.1121583207069534,0.0230198001599331,0.1030633557227638,0.502370861997467
1273,metal_fe_ox_3_spin_2_ligstr_N#[C-]_N#[C-]_N#[C-]_N#[C-]_[OH2]_[OH2],5.720304,-1.9707539,-0.8987601559003444,-0.1844650828690435,0.0923149766327645,0.4499790838465266
1278,metal_fe_ox_3_spin_6_ligstr_[I-]_[I-]_[I-]_[I-]_N#CC_N#CC,4.3149486,-2.2591944,0.731070281937769,0.1500478049836946,0.3380524266660332,1.6477989465177139
1288,metal_co_ox_3_spin_1_ligstr_pyr_pyr_pyr_pyr_[OH2]_[OH2],18.29684,0.61050326,0.2670553548025793,0.0548113065738304,0.1529970568371666,0.7457671331129222
1294,metal_cr_ox_3_spin_2_ligstr_[PH3]_[PH3]_[PH3]_[PH3]_[OH-]_[PH3],17.656792,0.47913724,0.8229873619682699,0.1689130802719758,0.1485446043134325,0.7240641486072754
1301,metal_fe_ox_3_spin_6_ligstr_N#CC_N#CC_N#CC_N#CC_[OH2]_[C-]#[O+],21.588657,1.2861285,-0.3898127832243538,-0.0800068606034301,0.1097466757068597,0.534947961761681
1314,metal_cr_ox_3_spin_4_ligstr_N#[C-]_N#[C-]_N#[C-]_N#[C-]_[SH2]_[SH2],6.0646644,-1.9000759,0.1821214803739321,0.0373794050371889,0.0885035752649308,0.43140083188539785
1318,metal_fe_ox_2_spin_5_ligstr_C=O_C=O_C=O_C=O_N#[C-]_N#CC,11.833053,-0.7161495,-0.3104789756748616,-0.0637238618936917,0.108921781693228,0.5309271076590897
1323,metal_fe_ox_3_spin_6_ligstr_N#[C-]_N#[C-]_N#[C-]_N#[C-]_[OH2]_[OH2],5.4041705,-2.0356383,0.2286775553933706,0.0469346610614924,0.1056697583100557,0.5150754814551571
1326,metal_mn_ox_2_spin_2_ligstr_[PH3]_[PH3]_[PH3]_[PH3]_N#C[O-]_[OH2],11.209717,-0.8440855,-0.308729947134406,-0.0633650189501257,0.1356980080323755,0.6614448441785666
1338,metal_co_ox_3_spin_1_ligstr_[SH2]_[SH2]_[SH2]_[SH2]_[OH-]_[PH3],18.678104,0.6887554,1.991234849958108,0.4086886958643315,0.1470496402681446,0.7167771126785528
1342,metal_cr_ox_3_spin_4_ligstr_N_N_N_N_C=O_C=O,22.565477,1.486615,0.1006817941968698,0.0206642419442073,0.1343806860547796,0.655023704746689
1346,metal_fe_ox_2_spin_1_ligstr_[PH3]_[PH3]_[PH3]_[PH3]_N#CC_N#CC,14.548216,-0.15887888,-0.1426064603963812,-0.0292690815769167,0.1389302812787127,0.677200200537637
1349,metal_fe_ox_3_spin_6_ligstr_N#CC_N#CC_N#CC_N#CC_N_[SH2],20.542667,1.0714455,0.5927224492131771,0.1216524875543261,0.0881730863474942,0.4297899004232025
1359,metal_co_ox_3_spin_5_ligstr_C=O_C=O_C=O_C=O_N#[C-]_N#CC,17.612331,0.47001207,0.5873355894734011,0.120547025280942,0.1448244103019839,0.7059304767583153
1360,metal_cr_ox_2_spin_5_ligstr_C=O_C=O_C=O_C=O_[F-]_[F-],7.1778693,-1.6715974,0.0712343697249471,0.0146205406495323,0.1552508214978374,0.7567528582271543
1361,metal_cr_ox_2_spin_5_ligstr_N#CC_N#CC_N#CC_N#CC_N#[C-]_N#[C-],7.0418086,-1.6995231,0.3179144934077014,0.0652500287492425,0.1505530623309937,0.73385415377926
1368,metal_fe_ox_2_spin_1_ligstr_N#CC_N#CC_N#CC_N#CC_[PH3]_[PH3],14.596359,-0.1489978,0.304069052132947,0.0624082806733519,0.1196372588186803,0.5831585088440855
1378,metal_mn_ox_2_spin_6_ligstr_N_N_N_N_N#[C-]_N#[C-],7.8922734,-1.5249704,0.9571885079964276,0.1964570855772087,0.1566451258473678,0.7635492396669807
1380,metal_mn_ox_2_spin_6_ligstr_pyr_pyr_pyr_pyr_N_N,13.973495,-0.27683693,0.1623148270791805,0.033314136829775,0.1058484215912702,0.5159463557437108
1390,metal_co_ox_2_spin_4_ligstr_[PH3]_[PH3]_[PH3]_[PH3]_[OH2]_[OH2],16.02509,0.14424029,0.2780807759524233,0.0570743316520343,0.0900396881273894,0.438888443145743
1391,metal_co_ox_3_spin_5_ligstr_[C-]#[O+]_[C-]#[O+]_[C-]#[O+]_[C-]#[O+]_[OH-]_N#[C-],13.802459,-0.3119411,-0.7742172146938859,-0.1589034506379943,0.1703565604558453,0.8303841023121655
1392,metal_co_ox_3_spin_5_ligstr_[C-]#[O+]_[C-]#[O+]_[C-]#[O+]_[C-]#[O+]_[OH-]_[OH-],13.516701,-0.37059116,-1.004285238541506,-0.2061234959917008,0.1583758357180827,0.7719853923957679
1396,metal_cr_ox_3_spin_2_ligstr_[C-]#[O+]_[C-]#[O+]_[C-]#[O+]_[C-]#[O+]_[C-]#[O+]_[S--],14.035816,-0.26404577,0.7006338147696152,0.1438008353160568,0.1838534114179306,0.8961730008447651
