,name,y_preds,y_preds_sc,v,alpha,beta,error,error_sc,uq_ale_sc,uq_epi_sc,uq_ale,uq_epi
0,metal_co_ox_2_spin_2_ligstr_C2H6P2_C2H6P2_C2H6P2_C2H6P2_C2H6P2_C2H6P2,14.663245,-0.13526982,0.45637208,2.3763657,0.0043987115,0.8164620728536693,0.1675738623388066,0.05653219115055793,0.08368281580415939,0.2755598767354959,0.40790257618814746
2,metal_co_ox_2_spin_2_ligstr_[PH2]-[S]-[S]-[PH2]_[PH2]-[S]-[S]-[PH2]_[PH2]-[S]-[S]-[PH2]_[PH2]-[S]-[S]-[PH2]_[PH2]-[S]-[S]-[PH2]_[PH2]-[S]-[S]-[PH2],14.877013,-0.09139532,0.44725186,2.5059404,0.0019972096,0.2398596521064853,0.049229665137245,0.03641731563871204,0.05445425899723957,0.17751215376943866,0.26543122761754145
12,metal_co_ox_3_spin_5_ligstr_[NH2]-[CH3]_[NH2]-[CH3]_[NH2]-[CH3]_[NH2]-[CH3]_[NH2]-[CH3]_[NH2]-[CH3],20.195534,1.0001987,0.12666728,1.7570881,0.004194807,0.0056601379315956,0.0011618502414004,0.07443595798092108,0.2091464799952427,0.36282979641253005,1.019461249850797
24,metal_mn_ox_2_spin_6_ligstr_[SH]-[OH]_[SH]-[OH]_[SH]-[OH]_[SH]-[OH]_[SH]-[OH]_[SH]-[OH],15.491753,0.034776345,0.46971792,2.3817115,0.0036233084,0.1419463123948379,0.029133705597551,0.05120872516912979,0.07471802774666558,0.24961123402781865,0.3642047141062802
26,metal_mn_ox_3_spin_5_ligstr_[N]#[P]_[N]#[P]_[N]#[P]_[N]#[P]_[N]#[P]_[N]#[P],20.057323,0.9718316,0.123971686,1.7122456,0.003862037,0.7359060828774986,0.151040083857653,0.07363653215204702,0.20913757780885123,0.3589330841432846,1.0194178571335717
27,metal_co_ox_2_spin_2_ligstr_[OH]-[S]-[S]-[OH]_[OH]-[S]-[S]-[OH]_[OH]-[S]-[S]-[OH]_[OH]-[S]-[S]-[OH]_[OH]-[S]-[S]-[OH]_[OH]-[S]-[S]-[OH],16.074518,0.1543853,0.40788573,2.4165368,0.0019156158,-0.9942190041201188,-0.2040574014148411,0.036773949427724925,0.05757991489659826,0.17925052549959816,0.2806668895796085
30,metal_co_ox_2_spin_4_ligstr_[OH]-[OH]_[OH]-[OH]_[OH]-[OH]_[OH]-[OH]_[OH]-[OH]_[OH]-[OH],17.321247,0.41026872,0.31289825,2.1505296,0.0035731888,-0.6881678620531702,-0.1412423359362512,0.055728722017299136,0.09962710640430797,0.271643455828832,0.4856212469665489
35,metal_co_ox_3_spin_5_ligstr_[N]#[N]_[N]#[N]_[N]#[N]_[N]#[N]_[N]#[N]_[N]#[N],26.394585,2.272516,0.015935412,1.3237493,0.000635573,-0.9618792046008268,-0.1974197067269689,0.04430760758875342,0.3509915430772638,0.21597250410983088,1.7108692300283816
37,metal_cr_ox_2_spin_1_ligstr_[PH2]-[O]-[O]-[PH2]_[PH2]-[O]-[O]-[PH2]_[PH2]-[O]-[O]-[PH2]_[PH2]-[O]-[O]-[PH2]_[PH2]-[O]-[O]-[PH2]_[PH2]-[O]-[O]-[PH2],15.145802,-0.03622814,0.43457726,2.3684187,0.0030915195,0.3641276843803194,0.0747349352792824,0.04753095003252219,0.07210128356794827,0.23168432826530497,0.35144968571165636
39,metal_cr_ox_2_spin_5_ligstr_C2H6S2_C2H6S2_C2H6S2_C2H6S2_C2H6S2_C2H6S2,14.168087,-0.23689795,0.408275,2.274055,0.003972959,-0.1345555696007849,-0.0276166277466806,0.05584225575436797,0.08739499454725859,0.27219686339990395,0.4259971785032118
40,metal_cr_ox_2_spin_5_ligstr_[NH]=[PH]_[NH]=[PH]_[NH]=[PH]_[NH]=[PH]_[NH]=[PH]_[NH]=[PH],14.228126,-0.22457547,0.43965462,2.2089987,0.0066320105,0.8200921395580743,0.1683189016492391,0.07406443013183953,0.1117001779598297,0.36101882524348305,0.5444700911728212
41,metal_cr_ox_2_spin_5_ligstr_[O+]-[PH3-]_[O+]-[PH3-]_[O+]-[PH3-]_[O+]-[PH3-]_[O+]-[PH3-]_[O+]-[PH3-],13.898551,-0.29221863,0.40144867,2.2372365,0.0036048212,0.9830319929158442,0.2017613292826522,0.053977840088393556,0.08519232889006881,0.26310897664647204,0.41526052979684486
47,metal_fe_ox_2_spin_1_ligstr_[OH]-[PH]-[PH]-[OH]_[OH]-[PH]-[PH]-[OH]_[OH]-[PH]-[PH]-[OH]_[OH]-[PH]-[PH]-[OH]_[OH]-[PH]-[PH]-[OH]_[OH]-[PH]-[PH]-[OH],15.281193,-0.0084399395,0.47765422,2.3657265,0.004448478,-0.0669485075853195,-0.0137408425638826,0.057072100317529545,0.0825785106489009,0.2781916039067077,0.40251976355930424
57,metal_mn_ox_2_spin_6_ligstr_[SH]-[S]-[S]-[SH]_[SH]-[S]-[S]-[SH]_[SH]-[S]-[S]-[SH]_[SH]-[S]-[S]-[SH]_[SH]-[S]-[S]-[SH]_[SH]-[S]-[S]-[SH],15.444195,0.02501528,0.4279292,2.526566,0.00158513,-0.1099491401901087,-0.0225664076479078,0.03222364393295202,0.04925935139085425,0.15707056757245708,0.24010922840729682
62,metal_co_ox_2_spin_2_ligstr_[OH]-[OH]_[OH]-[OH]_[OH]-[OH]_[OH]-[OH]_[OH]-[OH]_[OH]-[OH],17.302744,0.40647107,0.31163043,2.1326838,0.003972076,-0.0472659575096123,-0.0097011209505569,0.0592180947029648,0.10608024173182747,0.2886520148034074,0.517076337229598
68,metal_co_ox_3_spin_1_ligstr_[NH+]-[PH3-]_[NH+]-[PH3-]_[NH+]-[PH3-]_[NH+]-[PH3-]_[NH+]-[PH3-]_[NH+]-[PH3-],18.058386,0.56156206,0.2646882,2.0065527,0.0062495098,0.2683433669688781,0.0550758623456749,0.07879609908434186,0.15315720329010785,0.3840828191692138,0.7465477491819966
71,metal_cr_ox_2_spin_5_ligstr_C2H6P2_C2H6P2_C2H6P2_C2H6P2_C2H6P2_C2H6P2,13.896435,-0.29265302,0.41414452,2.2545676,0.0047097043,0.167816383736886,0.0344432470684711,0.06127026894112736,0.09520808437937998,0.2986551098294217,0.4640812157082951
73,metal_fe_ox_2_spin_1_ligstr_[NH]=[O]_[NH]=[O]_[NH]=[O]_[NH]=[O]_[NH]=[O]_[NH]=[O],18.943192,0.7431629,0.18459566,1.8655714,0.0037739933,0.2885879422689434,0.0592307888575796,0.06603118836285313,0.15368743777600663,0.3218616819133597,0.7491323181965966
75,metal_fe_ox_2_spin_1_ligstr_[PH+]-[PH3-]_[PH+]-[PH3-]_[PH+]-[PH3-]_[PH+]-[PH3-]_[PH+]-[PH3-]_[PH+]-[PH3-],11.960661,-0.6899587,0.26683134,1.9331751,0.0045329374,0.5987805569733062,0.1228960938289468,0.06969606997341071,0.1349242060458601,0.33972573961750663,0.6576730324783269
89,metal_co_ox_2_spin_4_ligstr_[N]#[N]_[N]#[N]_[N]#[N]_[N]#[N]_[N]#[N]_[N]#[N],21.2324,1.2130092,0.09471663,1.599925,0.0036841214,-1.017654518606701,-0.2088673560981639,0.07836434109068777,0.2546275360338005,0.3819782628608614,1.2411535978867616
94,metal_co_ox_3_spin_5_ligstr_[O]=[PH]_[O]=[PH]_[O]=[PH]_[O]=[PH]_[O]=[PH]_[O]=[PH],19.381523,0.833128,0.1680537,1.8646104,0.0037073335,-0.1734618217100916,-0.0356018789232935,0.06548179866753906,0.15973370341216514,0.31918374296142143,0.778604167412076
97,metal_cr_ox_2_spin_1_ligstr_[NH2]-[OH]_[NH2]-[OH]_[NH2]-[OH]_[NH2]-[OH]_[NH2]-[OH]_[NH2]-[OH],14.410683,-0.18710679,0.38220903,2.3162627,0.0026479813,1.24976684571595,0.2565069654471933,0.04485244988707298,0.07254971286497099,0.21862827728100293,0.3536355044336491
104,metal_fe_ox_2_spin_5_ligstr_[O+]-[SH2-]_[O+]-[SH2-]_[O+]-[SH2-]_[O+]-[SH2-]_[O+]-[SH2-]_[O+]-[SH2-],15.17706,-0.029812425,0.49731088,2.2732902,0.0073944395,0.8418563144601183,0.1727858972760592,0.07620595882153096,0.1080624852633746,0.371457468603074,0.5267385628057859
114,metal_mn_ox_3_spin_5_ligstr_[NH3]_[NH3]_[NH3]_[NH3]_[NH3]_[NH3],22.452238,1.4633734,0.0638168,1.5572466,0.002372027,0.5857999461587369,0.1202319296017806,0.0652433271771372,0.25826680427880117,0.3180213402106585,1.2588928060899074
120,metal_cr_ox_2_spin_1_ligstr_C2H8P2_C2H8P2_C2H8P2_C2H8P2_C2H8P2_C2H8P2,13.350275,-0.40474898,0.33705306,2.0560036,0.005963305,0.4774742978081576,0.0979986388306449,0.0751468554064738,0.12943796447676034,0.3662949868282912,0.6309309582768148
123,metal_cr_ox_2_spin_5_ligstr_[O]=[PH]_[O]=[PH]_[O]=[PH]_[O]=[PH]_[O]=[PH]_[O]=[PH],14.302045,-0.20940402,0.4130396,2.1608243,0.0066409716,-0.0851048927070881,-0.0174672872724398,0.07563669888825586,0.11768922971682183,0.36868267438669605,0.5736630576991677
124,metal_fe_ox_2_spin_1_ligstr_[NH2]-[CH3]_[NH2]-[CH3]_[NH2]-[CH3]_[NH2]-[CH3]_[NH2]-[CH3]_[NH2]-[CH3],13.694013,-0.33419895,0.36441502,2.1246424,0.005492029,-0.351099836837168,-0.0720611557325067,0.06988101181000124,0.11576067489321161,0.34062721802577134,0.5642625317571189
137,metal_co_ox_2_spin_2_ligstr_[SH]-[S]-[S]-[SH]_[SH]-[S]-[S]-[SH]_[SH]-[S]-[S]-[SH]_[SH]-[S]-[S]-[SH]_[SH]-[S]-[S]-[SH]_[SH]-[S]-[S]-[SH],15.481296,0.03262994,0.42260855,2.5437827,0.0014690578,-0.3106165236164884,-0.0637522114430235,0.03084795344549401,0.04745229451287527,0.15036491733256926,0.23130093068496443
161,metal_mn_ox_2_spin_6_ligstr_H6P4_H6P4_H6P4_H6P4_H6P4_H6P4,14.001871,-0.27101287,0.43161556,2.310938,0.004390793,0.1221012066765592,0.0250604768007515,0.0578735876136473,0.08809106466896674,0.28209836456870085,0.4293900948758733
166,metal_co_ox_2_spin_2_ligstr_[OH]-[SH]_[OH]-[SH]_[OH]-[SH]_[OH]-[SH]_[OH]-[SH]_[OH]-[SH],15.5004835,0.0365682,0.49074724,2.3778212,0.004211587,-0.3733400734381185,-0.076625783791272,0.05528743691613823,0.0789218985197964,0.2694924606947983,0.38469601452254665
169,metal_co_ox_2_spin_4_ligstr_[PH2]-[SH]_[PH2]-[SH]_[PH2]-[SH]_[PH2]-[SH]_[PH2]-[SH]_[PH2]-[SH],14.202349,-0.22986612,0.44088086,2.5431564,0.0014826524,-0.0753864558240433,-0.0154727058493552,0.030996645775546863,0.0466824969709387,0.1510897015538593,0.22754863820434237
171,metal_co_ox_3_spin_1_ligstr_[C+]#[O-]_[C+]#[O-]_[C+]#[O-]_[C+]#[O-]_[C+]#[O-]_[C+]#[O-],26.802269,2.3561907,0.014057914,1.2993525,0.00064212334,-1.1432299368715777,-0.2346408831486308,0.04631458567766404,0.39062257825246205,0.2257552955342456,1.9040463021622636
172,metal_co_ox_3_spin_1_ligstr_[P]#[P]_[P]#[P]_[P]#[P]_[P]#[P]_[P]#[P]_[P]#[P],17.610493,0.46963453,0.2459464,2.1063972,0.0026743987,-1.1798770067507718,-0.2421627164135351,0.04916516966664973,0.09913735032880512,0.23965015007008156,0.4832339854603284
181,metal_fe_ox_3_spin_6_ligstr_[CH2+]-[PH3-]_[CH2+]-[PH3-]_[CH2+]-[PH3-]_[CH2+]-[PH3-]_[CH2+]-[PH3-]_[CH2+]-[PH3-],16.571146,0.25631496,0.3590223,2.0607305,0.01277891,1.0000699058685942,0.205258051070209,0.1097600705269828,0.18318236638481775,0.5350132533222396,0.8929020664824993
196,metal_co_ox_3_spin_5_ligstr_[NH3]_[NH3]_[NH3]_[NH3]_[NH3]_[NH3],22.68992,1.512156,0.056123827,1.5868502,0.0014495951,-0.1074709158077489,-0.0220579387801129,0.04970038210671064,0.20979063092562716,0.24225898356846318,1.0226010919011974
201,metal_cr_ox_3_spin_2_ligstr_[N+]=[NH2-]_[N+]=[NH2-]_[N+]=[NH2-]_[N+]=[NH2-]_[N+]=[NH2-]_[N+]=[NH2-],20.505554,1.0638282,0.12605442,1.6937733,0.004599907,1.4107801861947316,0.2895538584472492,0.08142649381463765,0.2293436370256973,0.3969043856589261,1.117910044925753
203,metal_fe_ox_2_spin_1_ligstr_[N]#[P]_[N]#[P]_[N]#[P]_[N]#[P]_[N]#[P]_[N]#[P],15.182222,-0.028752904,0.42614722,2.1795413,0.007681691,0.6338269484223833,0.1300891442984755,0.08069968525268356,0.12362093130744127,0.39336163817884023,0.6025764772195555
207,metal_fe_ox_2_spin_5_ligstr_[NH2]-[OH]_[NH2]-[OH]_[NH2]-[OH]_[NH2]-[OH]_[NH2]-[OH]_[NH2]-[OH],15.250137,-0.014813717,0.44821864,2.387031,0.0032845333,-0.316874856866896,-0.0650365348440682,0.048662425387256535,0.07268566934028006,0.23719957900889427,0.3542982091478143
212,metal_mn_ox_2_spin_6_ligstr_[NH3]_[NH3]_[NH3]_[NH3]_[NH3]_[NH3],15.957226,0.13031186,0.42328474,2.2813993,0.0041884403,-0.3386207540092769,-0.0694997552235143,0.057172070897348284,0.08787546126414292,0.2786788993766226,0.42833916006425815
218,metal_co_ox_2_spin_2_ligstr_C2H6S2_C2H6S2_C2H6S2_C2H6S2_C2H6S2_C2H6S2,14.951587,-0.07608953,0.42297542,2.415307,0.0029177743,0.3199080687758613,0.0656591421895272,0.04540466962570664,0.06981406963345008,0.22132001096426912,0.34030091583327865
221,metal_co_ox_2_spin_2_ligstr_[N]#[P]_[N]#[P]_[N]#[P]_[N]#[P]_[N]#[P]_[N]#[P],15.605481,0.058118302,0.43204772,2.2479382,0.005751787,0.9574523000949764,0.1965111985390283,0.06788985138894314,0.10328541508269776,0.3309215280636381,0.5034532656440619
227,metal_co_ox_2_spin_4_ligstr_[SH]-[S]-[S]-[SH]_[SH]-[S]-[S]-[SH]_[SH]-[S]-[S]-[SH]_[SH]-[S]-[S]-[SH]_[SH]-[S]-[S]-[SH]_[SH]-[S]-[S]-[SH],15.415832,0.019193824,0.4280438,2.5675159,0.0013457385,-0.1289598566160439,-0.0264683171099286,0.02930045478235986,0.04478476047485439,0.14282180725346555,0.21829833277137697
235,metal_fe_ox_2_spin_1_ligstr_[PH2]-[CH3]_[PH2]-[CH3]_[PH2]-[CH3]_[PH2]-[CH3]_[PH2]-[CH3]_[PH2]-[CH3],13.451066,-0.3840621,0.35361755,2.16099,0.003996889,-0.5911069921643648,-0.121321007254215,0.05867414964725874,0.09866881189418159,0.28600061514153946,0.48095014698417854
236,metal_fe_ox_2_spin_1_ligstr_[SH]-[CH3]_[SH]-[CH3]_[SH]-[CH3]_[SH]-[CH3]_[SH]-[CH3]_[SH]-[CH3],14.107264,-0.2493816,0.39566466,2.2074282,0.0048167813,-0.1711911217021189,-0.0351358678799022,0.06316082683434243,0.10041166670426702,0.30787042396129793,0.4894454988688413
239,metal_fe_ox_2_spin_5_ligstr_[OH]-[OH]_[OH]-[OH]_[OH]-[OH]_[OH]-[OH]_[OH]-[OH]_[OH]-[OH],16.848211,0.31318092,0.34973037,2.2431643,0.002931989,-0.9973751402419352,-0.2047053310821213,0.04856427428849864,0.08212024372454826,0.23672115239699895,0.4002859924172968
241,metal_fe_ox_3_spin_6_ligstr_[C+]#[S-]_[C+]#[S-]_[C+]#[S-]_[C+]#[S-]_[C+]#[S-]_[C+]#[S-],20.806889,1.1256753,0.10244163,1.6796951,0.0030607348,0.1924189800775693,0.0394927179499775,0.06710513913757808,0.20966094604385482,0.3270965354911212,1.021968957372032
243,metal_mn_ox_2_spin_6_ligstr_[N+]=[NH2-]_[N+]=[NH2-]_[N+]=[NH2-]_[N+]=[NH2-]_[N+]=[NH2-]_[N+]=[NH2-],15.191574,-0.026833616,0.4341297,2.3063293,0.0038394078,1.4887686723371552,0.3055606105989973,0.05421329296102015,0.08228033257431944,0.26425666548070115,0.40106632770612693
249,metal_co_ox_2_spin_2_ligstr_[PH]=[NH]_[PH]=[NH]_[PH]=[NH]_[PH]=[NH]_[PH]=[NH]_[PH]=[NH],15.138599,-0.037706215,0.48158637,2.3873641,0.0040211775,0.0653095902154436,0.0134044687327025,0.05383706748512526,0.07757902234823075,0.2624227962523487,0.378150314014987
255,metal_cr_ox_2_spin_5_ligstr_[N+]=[NH2-]_[N+]=[NH2-]_[N+]=[NH2-]_[N+]=[NH2-]_[N+]=[NH2-]_[N+]=[NH2-],13.912664,-0.28932202,0.3648959,2.201848,0.003731483,-0.160374494236251,-0.0329159514950857,0.05572062269451707,0.09224258590065022,0.2716039765809549,0.44962622327607604
259,metal_fe_ox_2_spin_1_ligstr_C2H6S2_C2H6S2_C2H6S2_C2H6S2_C2H6S2_C2H6S2,14.406974,-0.18786794,0.4016588,2.3125958,0.0036152273,-0.1837885481612922,-0.0377214522493351,0.05248102381475894,0.08280825931525043,0.2558129122367279,0.4036396478746108
264,metal_fe_ox_3_spin_2_ligstr_[C+]#[S-]_[C+]#[S-]_[C+]#[S-]_[C+]#[S-]_[C+]#[S-]_[C+]#[S-],21.759863,1.3212676,0.07762456,1.5744417,0.003333074,-0.4918907658126841,-0.1009575455255784,0.07617272609318927,0.27340088925045974,0.37129547936580864,1.3326622196650542
267,metal_fe_ox_3_spin_6_ligstr_[NH2]-[CH3]_[NH2]-[CH3]_[NH2]-[CH3]_[NH2]-[CH3]_[NH2]-[CH3]_[NH2]-[CH3],20.002329,0.96054447,0.13731451,1.7600038,0.004947854,-0.3249704723193503,-0.0666981959379879,0.08068644036650781,0.21774206656003778,0.39329707745462833,1.0613594803290054
268,metal_mn_ox_2_spin_2_ligstr_[CH+]=[NH2-]_[CH+]=[NH2-]_[CH+]=[NH2-]_[CH+]=[NH2-]_[CH+]=[NH2-]_[CH+]=[NH2-],13.867468,-0.29859817,0.3908204,2.0221102,0.0127986325,-0.687480544254468,-0.1411010861492456,0.11190073092590919,0.17899640592962568,0.545447664295091,0.8724980679185589
270,metal_mn_ox_2_spin_6_ligstr_C2H8P2_C2H8P2_C2H8P2_C2H8P2_C2H8P2_C2H8P2,14.561725,-0.1561063,0.43885526,2.2245421,0.008145201,0.3152714250250223,0.0647075425522782,0.08155752586747256,0.1231128509573572,0.3975430868235674,0.6000998960754066
273,metal_mn_ox_2_spin_6_ligstr_[NH]=[PH]_[NH]=[PH]_[NH]=[PH]_[NH]=[PH]_[NH]=[PH]_[NH]=[PH],15.026374,-0.06073981,0.48245537,2.3404675,0.0047845547,0.6057615668161169,0.1243289418797053,0.059743769074107396,0.0860129900586376,0.29121435604592677,0.41926075136706775
276,metal_mn_ox_2_spin_6_ligstr_[SH]-[NH]-[NH]-[SH]_[SH]-[NH]-[NH]-[SH]_[SH]-[NH]-[NH]-[SH]_[SH]-[NH]-[NH]-[SH]_[SH]-[NH]-[NH]-[SH]_[SH]-[NH]-[NH]-[SH],15.302905,-0.003983639,0.48339787,2.3845916,0.004449173,0.2100075050162413,0.0431026690914301,0.05668638998268036,0.08153168802866106,0.27631150178854313,0.3974171431526588
277,metal_mn_ox_3_spin_5_ligstr_[N]#[N]_[N]#[N]_[N]#[N]_[N]#[N]_[N]#[N]_[N]#[N],25.5907,2.1075234,0.02131447,1.3410767,0.0010117322,-1.0896226260720283,-0.2236384523897925,0.054463652104823394,0.37305210158018065,0.26547701327550527,1.8184009682833202
280,metal_co_ox_2_spin_4_ligstr_[PH2]-[NH2]_[PH2]-[NH2]_[PH2]-[NH2]_[PH2]-[NH2]_[PH2]-[NH2]_[PH2]-[NH2],13.909132,-0.29004705,0.41184685,2.3512383,0.0030851425,-0.1226691466932479,-0.0251771847630489,0.047782805041659646,0.0744566970420662,0.23291196748927037,0.36293088665892687
289,metal_fe_ox_2_spin_1_ligstr_[S]=[CH]-[CH]=[S]_[S]=[CH]-[CH]=[S]_[S]=[CH]-[CH]=[S]_[S]=[CH]-[CH]=[S]_[S]=[CH]-[CH]=[S]_[S]=[CH]-[CH]=[S],15.401718,0.016297273,0.42705294,2.406695,0.002383989,-0.1684461080262256,-0.034572485452018,0.04116727795346872,0.06299575621454531,0.20066531665439938,0.3070658055886825
294,metal_mn_ox_2_spin_6_ligstr_C2H6P2_C2H6P2_C2H6P2_C2H6P2_C2H6P2_C2H6P2,14.598509,-0.14855649,0.4788044,2.303915,0.0070118783,0.0191471265161489,0.0039299210640191,0.07333183358043557,0.10597745302222283,0.35744786485271934,0.5165753050995499
297,metal_mn_ox_2_spin_6_ligstr_[N]#[CH]_[N]#[CH]_[N]#[CH]_[N]#[CH]_[N]#[CH]_[N]#[CH],16.858183,0.3152278,0.36870313,2.2199678,0.003415704,-0.5272192263525177,-0.108208433927754,0.052913431888654425,0.08714199893866037,0.2579206372888975,0.424763979554063
300,metal_mn_ox_2_spin_6_ligstr_[PH2]-[OH]_[PH2]-[OH]_[PH2]-[OH]_[PH2]-[OH]_[PH2]-[OH]_[PH2]-[OH],14.739982,-0.11952014,0.46822032,2.4124215,0.0033851785,0.3110473035552239,0.0638405605387911,0.04895630446533672,0.07154569360425635,0.2386320598818759,0.3487415242412706
305,metal_mn_ox_2_spin_6_ligstr_[OH]-[NH2]_[OH]-[NH2]_[OH]-[NH2]_[OH]-[NH2]_[OH]-[NH2]_[OH]-[NH2],16.14814,0.16949582,0.41676372,2.299654,0.0036070198,0.127269392858409,0.0261213460714211,0.05268177379887474,0.08160474956650311,0.25679144570149803,0.39777327349100433
307,metal_co_ox_2_spin_2_ligstr_water_water_water_water_misc_misc,16.864777,0.3165812,0.36950132,2.2280388,0.0032340293,0.1560650367075382,0.0320315505478363,0.051317551973062175,0.08442244653815408,0.2501416981769485,0.41150782391941904
312,metal_co_ox_3_spin_1_ligstr_pyr_pyr_pyr_pyr_water_carbonyl,18.239925,0.5988218,0.22118223,2.0115232,0.0038304154,0.1163027130343259,0.023870324750095,0.06153681484709911,0.1308458332380521,0.29995435819568994,0.6377934579327738
315,metal_cr_ox_2_spin_5_ligstr_carbonyl_carbonyl_carbonyl_carbonyl_misc_misc,16.723492,0.28758323,0.37659147,2.2087116,0.0035119494,0.1793700274652074,0.0368146707296485,0.053902980540886505,0.08783700934051829,0.2627440821100374,0.42815173044020505
320,metal_cr_ox_3_spin_4_ligstr_water_water_water_water_carbonyl_misc,23.966478,1.774162,0.039502185,1.4578581,0.0014836453,0.4765420624612808,0.0978074885208708,0.05692454811086525,0.28641056393902514,0.2774723770900401,1.3960764316492045
321,metal_mn_ox_2_spin_6_ligstr_misc_misc_misc_misc_pyr_pyr,13.784661,-0.31559378,0.40177846,2.43431,0.001551358,0.1270479645509254,0.0260758491805082,0.03288777568555533,0.05188492302132038,0.16030780391795987,0.25290728523344413
324,metal_co_ox_2_spin_2_ligstr_water_water_water_water_water_misc,17.297617,0.4054187,0.31994757,2.1568437,0.0030657283,0.0031698194523634,0.0006504102039627,0.05147892728701089,0.09101020246398504,0.25092830419229695,0.4436191073128206
327,metal_fe_ox_2_spin_1_ligstr_pyr_pyr_pyr_pyr_misc_furan,12.953404,-0.48620427,0.33980992,2.2667253,0.0020601836,0.0361594913455984,0.0074214494585917,0.040328469501278,0.06918209573843222,0.19657663816898943,0.33722042938711594
345,metal_co_ox_3_spin_1_ligstr_en_en_en_en_mec_mec,9.002982,-1.2970042,0.0950199,1.3930355,0.009417641,-0.0486464028206317,-0.0099843680680129,0.15479437541886606,0.502166678671857,0.7545279625933947,2.4477556107273695
347,metal_cr_ox_2_spin_5_ligstr_phen_phen_phen_phen_phen_phen,11.623732,-0.7591114,0.14551677,1.6306176,0.0059882626,0.2725245257229556,0.0559340085545362,0.09744675347711147,0.255452908444274,0.47499335918031343,1.245176783881538
352,metal_fe_ox_2_spin_5_ligstr_misc_misc_misc_misc_water_furan,14.283299,-0.21325141,0.44989586,2.4362855,0.002269822,-0.2753528338743187,-0.0565145214830416,0.03975351294386231,0.0592678965422414,0.1937740763919696,0.28889476832866373
357,metal_mn_ox_2_spin_6_ligstr_pyr_pyr_pyr_pyr_pyr_carbonyl,13.792898,-0.3139032,0.41497436,2.316919,0.0036666666,0.1184827093172398,0.0243178791139116,0.05276624377096641,0.08191162610227869,0.257203185183441,0.399269109025596
368,metal_cr_ox_3_spin_2_ligstr_water_water_water_water_misc_misc,22.08357,1.3877064,0.07616643,1.5894697,0.0026127633,-1.1151679545670632,-0.2288815875216077,0.066576244042074,0.24123342908300038,0.32451849518599724,1.1758655136072245
370,metal_fe_ox_2_spin_1_ligstr_furan_furan_furan_furan_water_pyr,13.712016,-0.33050382,0.42929995,2.2531586,0.004986502,-0.2231541976244528,-0.0458010658129457,0.06308047854606626,0.09627522902031121,0.3074787751685893,0.46928289354404007
371,metal_fe_ox_2_spin_1_ligstr_misc_misc_misc_misc_water_misc,14.367976,-0.19587208,0.43560436,2.291266,0.0041209823,-0.0092190458357883,-0.0018922433159284,0.056492724044896615,0.08559460806669673,0.27536749871954086,0.41722139489102855
382,metal_co_ox_2_spin_4_ligstr_furan_furan_furan_furan_water_pyr,14.167266,-0.2370665,0.47549966,2.3612194,0.004487889,0.3742725598336207,0.0768172025793268,0.05741918031287057,0.0832687189067805,0.27988340673244316,0.4058841069288474
385,metal_co_ox_3_spin_1_ligstr_porphyrin_porphyrin_porphyrin_porphyrin_isothiocyanate_isothiocyanate,1.8011223,-2.775142,0.0057490994,1.0929079,0.00042946375,-1.944438422999056,-0.3990841108491825,0.06798873082289825,0.896679054727278,0.3314035048644272,4.370762299552424
410,metal_cr_ox_2_spin_5_ligstr_misc_misc_misc_misc_water_water,14.194871,-0.2314007,0.41263178,2.349989,0.002410797,-0.0882502048135407,-0.0181127282911691,0.042258609849803445,0.06578605891225751,0.2059848925758528,0.3206668256763093
411,metal_cr_ox_3_spin_4_ligstr_misc_misc_misc_misc_misc_misc,19.713787,0.90132296,0.18115069,1.8013479,0.006452378,-0.2197577212809918,-0.0451039882685807,0.08973241356835758,0.21082851657624255,0.4373906674910676,1.027660150043618
415,metal_fe_ox_2_spin_5_ligstr_water_water_water_water_misc_misc,16.847946,0.31312686,0.37240544,2.2822933,0.0025020365,0.1068815053911969,0.0219369495970337,0.04417261742721512,0.07238442447973266,0.215314509584642,0.35282982458761625
416,metal_fe_ox_3_spin_6_ligstr_furan_furan_furan_furan_furan_furan,17.025768,0.34962374,0.32320684,2.2116408,0.004476891,0.1628548049539802,0.0334251030159437,0.06078568508680623,0.10692051556153008,0.29629305973995823,0.521172158534671
439,metal_fe_ox_2_spin_5_ligstr_furan_furan_furan_furan_water_misc,14.146652,-0.24129745,0.46347055,2.3432946,0.004383435,0.3817987236307818,0.0783617852507109,0.0571243999344048,0.0839093929965752,0.27844653257099883,0.4090070015065806
443,metal_mn_ox_2_spin_2_ligstr_misc_misc_misc_misc_carbonyl_carbonyl,15.89795,0.118145734,0.4532029,2.3141873,0.0043170005,-0.6349582026590888,-0.1303213727798872,0.05731422397395157,0.085136555719191,0.27937180873444406,0.41498866967999026
453,metal_co_ox_3_spin_1_ligstr_porphyrin_porphyrin_porphyrin_porphyrin_furan_furan,6.7275567,-1.7640214,0.028708752,1.2427658,0.0019119389,-2.971083149026283,-0.6097966592456479,0.08874486892121856,0.5237645436709116,0.4325769909698146,2.553032000970924
454,metal_co_ox_3_spin_1_ligstr_pyr_pyr_pyr_pyr_pyr_carbonyl,17.49092,0.44509286,0.29216933,2.0763483,0.006670823,0.0868783750482151,0.0178311566980959,0.07872511326112724,0.1456451347942499,0.383736806670903,0.7099310069928556
466,metal_fe_ox_3_spin_6_ligstr_carbonyl_carbonyl_carbonyl_carbonyl_water_water,25.641,2.1178474,0.02104491,1.397259,0.0005971326,-0.4547256257094467,-0.0933296124520919,0.03877024258426906,0.2672544725803935,0.18898123440985745,1.3027021953762778
469,metal_mn_ox_2_spin_6_ligstr_misc_misc_misc_misc_water_misc,14.818385,-0.103428215,0.46476185,2.4179554,0.0027795064,0.0928646850704453,0.0190600058395796,0.044274386679509704,0.06494374337531574,0.2158105724834437,0.31656105229643244
471,metal_co_ox_2_spin_2_ligstr_misc_misc_misc_misc_carbonyl_carbonyl,15.652797,0.067829594,0.45769814,2.3769608,0.0033764078,-0.0183067981036906,-0.0037573383025583,0.049518406319748735,0.07319427026716718,0.2413719628391495,0.35677732778567717
480,metal_cr_ox_2_spin_5_ligstr_misc_misc_misc_misc_water_misc,13.599941,-0.35350645,0.3853175,2.211444,0.0035812375,0.1479520533337925,0.0303662779545024,0.05437069570186041,0.08759020103752789,0.2650239076303687,0.4269486908239234
487,metal_fe_ox_2_spin_1_ligstr_water_water_water_water_water_carbonyl,17.84292,0.5173389,0.25069246,1.985275,0.003785901,-0.1416943802865944,-0.0290820822026846,0.0619877531508169,0.12380416600031745,0.3021524067916988,0.603469634345699
506,metal_fe_ox_3_spin_2_ligstr_carbonyl_carbonyl_carbonyl_carbonyl_water_carbonyl,26.593435,2.313329,0.015862381,1.3133321,0.0007496467,-1.0212079281704725,-0.2095964722534251,0.04891317701159834,0.38836643059133014,0.23842183990642135,1.8930489613773849
525,metal_cr_ox_2_spin_5_ligstr_furan_furan_furan_furan_water_pyr,13.715251,-0.3298399,0.4267595,2.2196145,0.00526896,-0.9985807024210728,-0.2049526164588586,0.06572811255238378,0.10061426580714836,0.3203843725914545,0.49043304565732543
540,metal_co_ox_2_spin_2_ligstr_misc_misc_misc_misc_water_misc,14.971791,-0.07194258,0.46540707,2.3777332,0.0035355457,0.6475859342371812,0.13291311065036,0.05065772308521335,0.07425559415799991,0.2469254356670113,0.3619506330226071
544,metal_cr_ox_2_spin_5_ligstr_pyr_pyr_pyr_pyr_misc_misc,12.749906,-0.52797115,0.31201935,2.1835291,0.0022432373,0.4657307260808601,0.0955883312327382,0.043535961316013505,0.07793945679989991,0.21221120019657336,0.37990721165245284
549,metal_fe_ox_2_spin_1_ligstr_carbonyl_carbonyl_carbonyl_carbonyl_carbonyl_misc,18.564672,0.6654742,0.21602087,1.9007906,0.004351214,-0.6695879893449295,-0.1374289356647571,0.06950135933895393,0.14953589121153088,0.3387766442907908,0.7288960663145162
561,metal_co_ox_2_spin_2_ligstr_misc_misc_misc_misc_water_pyr,14.300952,-0.20962837,0.4476985,2.3765845,0.003170618,0.1370438500799142,0.0281273458306395,0.04799218497488431,0.07172618023462288,0.23393256668091705,0.34962128624242406
562,metal_co_ox_2_spin_2_ligstr_water_water_water_water_carbonyl_misc,17.887949,0.5265811,0.2608014,2.0332289,0.0033151847,0.240914153374316,0.0494463548197418,0.056644218861146296,0.1109176431779959,0.27610594334802957,0.5406557124332979
575,metal_cr_ox_2_spin_5_ligstr_water_water_water_water_pyr_furan,14.616702,-0.14482254,0.41432872,2.4072852,0.0020431364,-0.0957660389299821,-0.0196554082751207,0.038102863980101424,0.059195010406616705,0.18572817164760635,0.2885394929689138
577,metal_fe_ox_2_spin_5_ligstr_carbonyl_carbonyl_carbonyl_carbonyl_water_misc,18.294432,0.6100092,0.23872241,1.9979398,0.003267923,-0.7350124756308141,-0.1508566254026998,0.05722472781980215,0.11712163881918142,0.2789355696872075,0.5708963990113161
578,metal_fe_ox_2_spin_5_ligstr_furan_furan_furan_furan_pyr_pyr,13.9366,-0.28440946,0.45389515,2.337,0.004163591,0.212784543666725,0.0436726378524863,0.05580438508008168,0.08283055204132792,0.2720122670110885,0.4037483112878801
582,metal_fe_ox_3_spin_6_ligstr_carbonyl_carbonyl_carbonyl_carbonyl_carbonyl_misc,24.58357,1.9008164,0.031093303,1.4261607,0.001095878,0.1695226478767182,0.0347936279628282,0.05071009284068391,0.28758152087796846,0.24718070621408247,1.4017841309828187
588,metal_co_ox_2_spin_4_ligstr_pyr_pyr_pyr_pyr_water_carbonyl,14.271708,-0.21563059,0.45273253,2.3702748,0.004107759,-0.0395846414403671,-0.0081245510019751,0.054751830384673426,0.0813725249342007,0.26688170624170987,0.39664132035510385
589,metal_co_ox_2_spin_4_ligstr_water_water_water_water_misc_furan,15.871857,0.11279021,0.45201287,2.4453905,0.0022557646,0.7370991966540572,0.1512850285693586,0.039505202336884176,0.05875960805520239,0.19256371396202626,0.2864171726440825
596,metal_cr_ox_3_spin_2_ligstr_misc_misc_misc_misc_carbonyl_carbonyl,21.84388,1.3385113,0.083077066,1.6035211,0.0029392196,-0.2309803904491332,-0.0474074773605597,0.06978623818310146,0.24211919049342803,0.34016525452471535,1.1801830590641917
607,metal_mn_ox_2_spin_6_ligstr_misc_misc_misc_misc_water_pyr,14.28064,-0.2137972,0.44467095,2.436505,0.0022018456,-0.146254910037646,-0.0300178392505424,0.03915072960155464,0.058711135609792436,0.19083587604763586,0.2861808991013383
610,metal_co_ox_2_spin_4_ligstr_misc_misc_misc_misc_water_furan,14.4129095,-0.18664971,0.45552775,2.4686787,0.002089121,0.4227597665029865,0.0867688519990149,0.03771537229919408,0.05588058960907054,0.18383938655625046,0.27238371751013124
611,metal_co_ox_3_spin_1_ligstr_misc_misc_misc_misc_carbonyl_furan,18.762928,0.70616496,0.2192656,1.9400052,0.004983681,0.6245947431200847,0.1281942024164664,0.07281317853927911,0.15549797546468277,0.3549197385533391,0.7579575827434432
615,metal_fe_ox_2_spin_1_ligstr_carbonyl_carbonyl_carbonyl_carbonyl_misc_furan,16.306519,0.20200208,0.42472547,2.2611542,0.004514295,0.3370885232483545,0.0691854576154257,0.05982887997096613,0.09180296750750581,0.29162921964434596,0.4474833523248528
622,metal_fe_ox_3_spin_2_ligstr_misc_misc_misc_misc_carbonyl_carbonyl,22.12597,1.3964088,0.07218007,1.6057742,0.0021033518,0.0824466594438604,0.0169214750129127,0.0589251331266876,0.21932691143596533,0.2872240061908952,1.0690846303677222
627,metal_mn_ox_3_spin_5_ligstr_water_water_water_water_carbonyl_carbonyl,25.010416,1.9884236,0.024657547,1.3895009,0.0008387843,-0.1861803863141524,-0.0382125409713767,0.04640565572032562,0.295526192801616,0.22619920632594456,1.4405095504549537
634,metal_co_ox_3_spin_5_ligstr_water_water_water_water_water_carbonyl,25.222757,2.0320055,0.022736892,1.4188044,0.00055500667,-0.3201637104480213,-0.0657115925902207,0.036403528718591226,0.24142260619625297,0.1774449509610611,1.1767876364004173
640,metal_fe_ox_3_spin_6_ligstr_furan_furan_furan_furan_water_misc,17.946335,0.53856444,0.2526243,2.1054823,0.0036968421,0.075459216332586,0.0154877365706697,0.05782818396544714,0.11505407161051726,0.2818770495365618,0.5608182726630111
650,metal_cr_ox_2_spin_5_ligstr_pyr_pyr_pyr_pyr_water_misc,12.833318,-0.5108513,0.31580096,2.1512685,0.002712441,-0.0705262881017247,-0.0144751567313473,0.048539113374399964,0.08637441444871467,0.23659850832029727,0.4210224743491754
653,metal_cr_ox_3_spin_4_ligstr_misc_misc_misc_misc_carbonyl_carbonyl,21.622967,1.2931705,0.08869235,1.6312983,0.002801284,0.3428933574940274,0.0703767357535829,0.06661334777277411,0.22367537770231313,0.3246993531936219,1.0902807454298824
657,metal_fe_ox_2_spin_5_ligstr_misc_misc_misc_misc_water_water,15.319905,-0.00049445033,0.4637033,2.4888716,0.0020000413,0.0516498867281303,0.0106007378234171,0.03665142452248634,0.05382335502965496,0.1786532914795218,0.26235595641362613
658,metal_fe_ox_3_spin_6_ligstr_water_water_water_water_water_pyr,20.976147,1.1604146,0.09952406,1.7579143,0.001604024,-0.2831679186790126,-0.0581185246109912,0.04600397729392611,0.1458247827974492,0.22424126952191772,0.7108066811991771
661,metal_mn_ox_2_spin_6_ligstr_pyr_pyr_pyr_pyr_pyr_misc,13.398253,-0.39490175,0.37840867,2.2901099,0.0027553907,0.0664622278146929,0.0136408736330241,0.04621449802550665,0.07512728616234593,0.2252674294082399,0.36619959872480656
666,metal_co_ox_3_spin_1_ligstr_carbonyl_carbonyl_carbonyl_carbonyl_carbonyl_misc,24.892307,1.9641827,0.027658762,1.3926712,0.001164164,0.2573207543299602,0.0528136051146701,0.054449332218228716,0.3273981259673607,0.2654072125813417,1.5958657430193717
675,metal_cr_ox_3_spin_4_ligstr_water_water_water_water_water_misc,23.611164,1.7012358,0.045041043,1.4935777,0.0015481542,0.2733308836445225,0.0560994323537897,0.056005327696236354,0.2638913308284131,0.2729917394393024,1.2863089350451582
679,metal_mn_ox_2_spin_6_ligstr_pyr_pyr_pyr_pyr_carbonyl_misc,13.932678,-0.28521425,0.4206827,2.322217,0.0037282575,0.2950778273026788,0.0605629151573511,0.05310086329670532,0.08186989915705846,0.2588342508362888,0.399065715673111
680,metal_mn_ox_2_spin_6_ligstr_pyr_pyr_pyr_pyr_water_water,13.800849,-0.3122713,0.40131682,2.2529972,0.0041498463,0.0476120788604905,0.0097721813570597,0.05754942061207512,0.09084421459469665,0.2805182485820934,0.4428100179096011
692,metal_cr_ox_2_spin_5_ligstr_furan_furan_furan_furan_pyr_pyr,13.436743,-0.38700202,0.3975742,2.2247634,0.0039196066,0.1079184732126439,0.0221495438742123,0.05657116731731515,0.08971933448003606,0.27574986172437843,0.4373269149300517
693,metal_fe_ox_2_spin_1_ligstr_water_water_water_water_carbonyl_misc,17.11972,0.3689069,0.3249597,2.1155877,0.003944688,0.0172300149581055,0.0035365400487459,0.05946404806479079,0.10431330805696892,0.28985088710409274,0.5084636155972965
694,metal_fe_ox_2_spin_5_ligstr_furan_furan_furan_furan_pyr_carbonyl,14.242503,-0.22162464,0.48602214,2.3472104,0.005241119,0.4235691770937659,0.0869349060213421,0.062372664468003575,0.08946769946011385,0.30402861418715565,0.43610034801904285
698,metal_fe_ox_3_spin_6_ligstr_misc_misc_misc_misc_carbonyl_carbonyl,21.395638,1.2465127,0.0888815,1.6976243,0.0018067718,0.5925018847452215,0.1216074997687748,0.05089098442648,0.17070064582227443,0.24806244212542733,0.8320613081524129
700,metal_mn_ox_2_spin_2_ligstr_furan_furan_furan_furan_water_carbonyl,14.47122,-0.17468192,0.4596445,2.2122135,0.007969907,-1.214037598900477,-0.2491738859179282,0.08108435543221405,0.11959858316974985,0.3952366701756178,0.5829699886959179
710,metal_co_ox_3_spin_1_ligstr_pyr_pyr_pyr_pyr_carbonyl_carbonyl,18.430649,0.63796663,0.21148673,1.9543788,0.0042060455,0.3968858358015765,0.0814582937203327,0.0663860137312988,0.14435606340475787,0.3235912386986454,0.7036475719099017
715,metal_cr_ox_3_spin_4_ligstr_misc_misc_misc_misc_water_carbonyl,21.41721,1.25094,0.09843324,1.6643689,0.0031047282,0.3088270916048543,0.0633847516851313,0.06836080150174151,0.21788947666268663,0.3332171219967596,1.0620780144754585
717,metal_fe_ox_2_spin_1_ligstr_pyr_pyr_pyr_pyr_water_carbonyl,13.602496,-0.35298207,0.38305846,2.2159314,0.004537328,-0.1326185797892254,-0.0272191341177028,0.06108654334202623,0.09869906114708668,0.29775955983549646,0.48109759360233045
726,metal_co_ox_2_spin_2_ligstr_[C-]#[O+]_[C-]#[O+]_[C-]#[O+]_[C-]#[O+]_N_N,19.063639,0.76788414,0.18410952,1.8624933,0.003998902,0.4795589751254283,0.0984266478170479,0.06809143949409213,0.1586917657968321,0.3319041468561462,0.7735253584184075
741,metal_fe_ox_2_spin_5_ligstr_N_N_N_N_N#[C-]_[C-]#[O+],12.609087,-0.5568733,0.23164499,1.9280212,0.0040793186,0.6187484443164131,0.1269942657984099,0.06630020390239168,0.13775374299511986,0.32317296823371033,0.6714652955604355
744,metal_fe_ox_3_spin_6_ligstr_N#CC_N#CC_N#CC_N#CC_[OH2]_[OH2],21.138102,1.1936549,0.09651375,1.8011851,0.0012816121,0.1045151205828034,0.0214511188220813,0.03999556788221888,0.12874111685991263,0.19495394626114051,0.6275342520905893
745,metal_fe_ox_3_spin_6_ligstr_N#C[O-]_N#C[O-]_N#C[O-]_N#C[O-]_N#CC_N#CC,4.50637,-2.2199063,0.02604336,1.2131295,0.0014728995,-0.4905121532356293,-0.1006745745569306,0.08313133872552761,0.5151293170789217,0.4052144625184419,2.5109405495899826
755,metal_co_ox_2_spin_2_ligstr_[SH2]_[SH2]_[SH2]_[SH2]_[I-]_N,11.598447,-0.764301,0.2020511,1.7554824,0.005543282,-0.4939299299328716,-0.101376137745078,0.08565866680241738,0.1905639302010339,0.4175336420719666,0.9288826781289602
756,metal_co_ox_2_spin_2_ligstr_pyr_pyr_pyr_pyr_N#CC_N#CC,13.40841,-0.3928171,0.38050792,2.3601036,0.002163688,-0.4107646697294722,-0.0843069742631308,0.03988515858465436,0.0646590728271971,0.19441576842284827,0.31517345737832847
757,metal_co_ox_3_spin_5_ligstr_N#CC_N#CC_N#CC_N#CC_N#CC_[F-],15.656588,0.06860763,0.4003053,2.162349,0.0077769007,-1.5196711385011668,-0.3119032087213204,0.08179655324175825,0.1292823785204892,0.39870819916848177,0.6301725718414178
761,metal_cr_ox_3_spin_2_ligstr_[OH2]_[OH2]_[OH2]_[OH2]_[PH3]_[PH3],22.687634,1.5116867,0.060572304,1.5283054,0.0026103656,-0.983693660667882,-0.2018972543393211,0.07029236312480955,0.2856084795446374,0.34263230424826857,1.3921667604981196
764,metal_fe_ox_2_spin_1_ligstr_[OH2]_[OH2]_[OH2]_[OH2]_pyr_pyr,14.807769,-0.10560733,0.4200579,2.32822,0.0032395984,0.0004963259062851,0.0001017798479041,0.04938676509544722,0.0762001807915863,0.2407302923359626,0.37142930423889636
766,metal_fe_ox_2_spin_1_ligstr_pyr_pyr_pyr_pyr_[PH3]_[PH3],13.408475,-0.39280367,0.36623505,2.280552,0.002728445,0.2152257500502639,0.0441738642866637,0.046159276435155064,0.07627444209803175,0.22499825790929878,0.3717912827158287
772,metal_mn_ox_2_spin_6_ligstr_N_N_N_N_pyr_pyr,14.543923,-0.15975988,0.43520626,2.4118276,0.0023785792,-0.1052023150776406,-0.0215921037623867,0.041045729103491205,0.06221862478923257,0.20007284030711,0.30327776490941466
773,metal_mn_ox_2_spin_6_ligstr_[OH2]_[OH2]_[OH2]_[OH2]_N_N,17.299786,0.40586388,0.3068308,2.1227922,0.0032926179,0.0152319962166735,0.0031261820896226,0.054152807105203545,0.097762319658047,0.26396183390538375,0.4765315514235417
774,metal_mn_ox_2_spin_6_ligstr_[SH2]_[SH2]_[SH2]_[SH2]_N_N,16.182268,0.17650034,0.4164824,2.3919759,0.0023556056,-0.1469492129090817,-0.0301604346853371,0.04113726657205516,0.0637436758971283,0.20051902951437045,0.3107114568777284
775,metal_co_ox_2_spin_2_ligstr_pyr_pyr_pyr_pyr_N#[C-]_C=O,10.42411,-1.0053264,0.1622241,1.7087557,0.0036114573,0.7334111150141727,0.1505280979012371,0.0713826982006961,0.17722919838430046,0.3479470212793405,0.8638840113351347
777,metal_co_ox_2_spin_4_ligstr_[SH2]_[SH2]_[SH2]_[SH2]_[I-]_N,11.75224,-0.7327358,0.20684943,1.7900035,0.005007885,-0.0462237480749703,-0.0094871328911831,0.07961825702836922,0.1750594266355488,0.3880903366048979,0.8533077003261059
779,metal_co_ox_3_spin_1_ligstr_[C-]#[O+]_[C-]#[O+]_[C-]#[O+]_[C-]#[O+]_N_N,25.321348,2.0522408,0.024025492,1.3833603,0.001025576,-0.8763069046405043,-0.1798564536707365,0.05172260101481859,0.333690783341704,0.25211606467056225,1.6265386013523295
784,metal_cr_ox_2_spin_5_ligstr_C=O_C=O_C=O_C=O_pyr_pyr,14.508424,-0.1670459,0.43377823,2.3572679,0.0028629696,0.0813418556956246,0.016694990438215,0.045927793299882114,0.06973353848492746,0.22386991911817924,0.3399083757086413
786,metal_cr_ox_3_spin_2_ligstr_N#CC_N#CC_N#CC_N#CC_[OH-]_[OH-],10.033171,-1.0855644,0.1483604,1.5417829,0.008788079,-0.7101420088995489,-0.1457523560927278,0.12736037508174702,0.3306551807085655,0.6208039798960875,1.611741894018311
789,metal_fe_ox_2_spin_1_ligstr_N_N_N_N_[SH2]_[SH2],15.777932,0.09351282,0.4011464,2.3538609,0.0024579163,0.2166817569546939,0.0444725701104263,0.04260852712300855,0.06727366254251932,0.20769052539689847,0.3279179840808102
791,metal_fe_ox_2_spin_1_ligstr_pyr_pyr_pyr_pyr_[C-]#[O+]_[C-]#[O+],14.202038,-0.22992988,0.42114967,2.2707992,0.005245812,0.1714939547342648,0.0351980373469131,0.06424922519842562,0.09900329807108896,0.3131757007061374,0.4825805626429817
804,metal_co_ox_2_spin_4_ligstr_[C-]#[O+]_[C-]#[O+]_[C-]#[O+]_[C-]#[O+]_N#[C-]_N#[C-],9.564538,-1.1817484,0.11354335,1.5678517,0.0038727713,0.2746658695271193,0.0563734238349227,0.08258353338161346,0.24508267319763927,0.4025442463111485,1.1946282258277687
806,metal_co_ox_2_spin_4_ligstr_[OH2]_[OH2]_[OH2]_[OH2]_[SH2]_[SH2],17.182243,0.3817392,0.31272385,2.277433,0.0015401763,-0.1440016218790099,-0.029555394895313,0.034722913030445904,0.062092000240617264,0.16925297675238948,0.30266054763377087
810,metal_cr_ox_2_spin_5_ligstr_C=O_C=O_C=O_C=O_pyr_[F-],11.1022215,-0.86614823,0.20703733,1.7392557,0.0062665576,0.701978196124907,0.1440766863132017,0.09206979518616283,0.20234517266169838,0.44878397416072907,0.9863090338774169
812,metal_cr_ox_3_spin_4_ligstr_[OH2]_[OH2]_[OH2]_[OH2]_N#CC_N#CC,22.69901,1.5140218,0.062503435,1.596401,0.0015238837,0.3038723989849821,0.0623677532464805,0.05054832048978669,0.20218772591677756,0.24639216488629762,0.985541577234754
817,metal_fe_ox_3_spin_2_ligstr_pyr_pyr_pyr_pyr_[OH-]_[OH-],9.903821,-1.1121126,0.13971521,1.4919566,0.010610465,-0.9665581030714314,-0.1983802215480566,0.14686009773112108,0.39289994584717275,0.7158532086678409,1.9151470771527213
821,metal_mn_ox_2_spin_2_ligstr_N_N_N_N_N_N,16.099312,0.15947403,0.40534264,2.1822033,0.0062452154,-0.10783267669456,-0.02213203344313,0.07268212685476971,0.11416066277334609,0.35428094169628443,0.5564634506751345
823,metal_mn_ox_2_spin_6_ligstr_[SH2]_[SH2]_[SH2]_[SH2]_N#[C-]_C=O,12.241862,-0.6322439,0.24282491,1.8865501,0.005166501,0.1445145415728088,0.0296607294218296,0.07633902649017475,0.15491732849962345,0.3721060921505199,0.7551272837074043
826,metal_co_ox_2_spin_2_ligstr_N_N_N_N_C=O_C=O,16.152468,0.17038405,0.41884914,2.3958812,0.002367784,-0.3295061113772561,-0.0676290552139236,0.04118573413757785,0.0636382161920164,0.20075527927064704,0.3101974052772199
829,metal_co_ox_2_spin_4_ligstr_C=O_C=O_C=O_C=O_[PH3]_[PH3],15.870229,0.11245614,0.42586714,2.4935136,0.001481104,-0.2165835862224341,-0.0444524819880764,0.03149112578195064,0.04825597790806294,0.15349998933573397,0.23521839598756478
839,metal_cr_ox_2_spin_5_ligstr_pyr_pyr_pyr_pyr_[OH2]_[OH2],13.158548,-0.44409958,0.34063026,2.1598935,0.0033453107,-0.198577429817977,-0.0407567152146556,0.05370431388254099,0.09201689182947802,0.2617757035849711,0.44852610263390047
840,metal_cr_ox_3_spin_4_ligstr_N#CC_N#CC_N#CC_N#CC_N#[C-]_N#[C-],10.924083,-0.90271,0.18970649,1.6213195,0.01102649,-1.39463066576862,-0.2862393695046182,0.13321746093137743,0.3058581501719122,0.64935369328779,1.4908715272588038
849,metal_mn_ox_2_spin_2_ligstr_[C-]#[O+]_[C-]#[O+]_[C-]#[O+]_[C-]#[O+]_N#CC_[PH3],18.334723,0.61827856,0.2403473,1.9607165,0.0038757913,-0.2693593777367979,-0.0552842505567612,0.06351591618438655,0.12955761455324907,0.30960126749551814,0.6315141792639656
860,metal_co_ox_3_spin_1_ligstr_N#CC_N#CC_N#CC_N#CC_N#CC_[F-],15.100304,-0.045566294,0.40248227,2.1311126,0.010170584,-1.5579530471278993,-0.3197603781710023,0.09482438297325284,0.14946745800665173,0.4622109058896991,0.728562496270311
863,metal_co_ox_3_spin_5_ligstr_C=O_C=O_C=O_C=O_[F-]_[F-],13.071641,-0.46193677,0.2140126,1.8873944,0.003990171,-0.6988734667052601,-0.1434394056935671,0.06705596427158157,0.14494984006149178,0.3268568380773699,0.7065418701673715
866,metal_cr_ox_2_spin_5_ligstr_C=O_C=O_C=O_C=O_N#CC_N#CC,14.978467,-0.07057257,0.4225253,2.440826,0.0018393488,0.4264721874672919,0.0875307275130449,0.035729445664066745,0.05496673221985765,0.1741592081013945,0.2679292213301642
871,metal_cr_ox_3_spin_4_ligstr_[F-]_[F-]_[F-]_[F-]_pyr_pyr,2.4009492,-2.6520312,0.013367603,1.1249658,0.0013537022,-0.3066088655199928,-0.0629296448337859,0.1040796877122019,0.9002004193488758,0.5073248592162558,4.387926799659699
874,metal_fe_ox_3_spin_2_ligstr_[PH3]_[PH3]_[PH3]_[PH3]_C=O_[PH3],21.028122,1.1710824,0.10497014,1.72766,0.0028077152,-0.7782629592968213,-0.1597335573289473,0.06211725782859401,0.1917252829159354,0.3027836629365365,0.9345435627409223
876,metal_fe_ox_3_spin_6_ligstr_C=O_C=O_C=O_C=O_[OH2]_[OH2],22.63906,1.5017173,0.05652561,1.6581786,0.0008238548,0.8371990215268355,0.171830094593258,0.03537964406558109,0.1488095593007737,0.17245413912390037,0.7253556422176637
878,metal_mn_ox_2_spin_2_ligstr_[PH3]_[PH3]_[PH3]_[PH3]_[OH-]_[OH-],6.5189767,-1.8068311,0.04888437,1.3624107,0.0014178809,0.2809385921663248,0.0576609763666255,0.0625488559104222,0.2829009195356013,0.30488743977248317,1.3789690604415814
884,metal_co_ox_2_spin_4_ligstr_N#CC_N#CC_N#CC_N#CC_[OH-]_N#CC,11.118645,-0.8627775,0.20296629,1.7806273,0.0048616966,0.7831922778247922,0.1607453754514725,0.07891727099619324,0.17517015005864026,0.38467345817354043,0.8538474093343338
885,metal_co_ox_2_spin_4_ligstr_[SH2]_[SH2]_[SH2]_[SH2]_[C-]#[O+]_[C-]#[O+],16.698017,0.28235453,0.35802716,2.3316016,0.0017997524,-0.2297173671352972,-0.0471482196582428,0.03676370110245585,0.06144141935552058,0.17920057117816793,0.2994893634844379
890,metal_cr_ox_3_spin_4_ligstr_N#C[O-]_N#C[O-]_N#C[O-]_N#C[O-]_[PH3]_[PH3],5.043308,-2.109703,0.031719614,1.2320464,0.0017966443,0.3533976813384738,0.072532843263267,0.08799209023502315,0.4940599926272003,0.4289076550082088,2.408240471445935
891,metal_cr_ox_3_spin_4_ligstr_[C-]#[O+]_[C-]#[O+]_[C-]#[O+]_[C-]#[O+]_[S--]_[S--],4.060084,-2.311504,0.020685708,1.2177937,0.00066349155,0.8159513257250826,0.1674690278489836,0.05519440317357633,0.383760124776649,0.26903897806639065,1.87059603612071
899,metal_fe_ox_2_spin_5_ligstr_[SH2]_[SH2]_[SH2]_[SH2]_[PH3]_[PH3],15.933143,0.12536891,0.43028215,2.5301638,0.0013564613,-0.0504356397046112,-0.0103515586423191,0.02977383259587941,0.04538977994161919,0.14512923474367842,0.2212474328556152
901,metal_fe_ox_3_spin_2_ligstr_[F-]_[F-]_[F-]_[F-]_N#CC_N#CC,3.3432176,-2.4586363,0.017499989,1.1539251,0.0016204577,-0.1076738983998755,-0.0220993836344476,0.10260396106390991,0.7756132852078133,0.5001315938390901,3.7806406742146725
913,metal_mn_ox_2_spin_6_ligstr_[C-]#[O+]_[C-]#[O+]_[C-]#[O+]_[C-]#[O+]_N#C[O-]_N#C[O-],8.94211,-1.3094978,0.10417272,1.5212562,0.003588428,-0.2096234430856185,-0.0430239101465088,0.08297103384077908,0.25706887654159494,0.4044330741911478,1.2530536406005768
927,metal_fe_ox_2_spin_1_ligstr_N#CC_N#CC_N#CC_N#CC_pyr_pyr,13.517361,-0.3704557,0.38700858,2.286272,0.0026380154,0.3774300546869753,0.0774651255557339,0.04528686476958603,0.07279674461192422,0.22074578429852776,0.3548396332026702
928,metal_fe_ox_2_spin_1_ligstr_N_N_N_N_pyr_C=O,14.428219,-0.18350747,0.41491285,2.34932,0.00299278,0.023182889475164,0.0047582305865566,0.04709555482738109,0.07311415666494044,0.2295620427741875,0.35638682294400836
939,metal_mn_ox_2_spin_6_ligstr_[PH3]_[PH3]_[PH3]_[PH3]_N#C[O-]_[OH2],11.602963,-0.7633739,0.21175653,1.8825481,0.0031587018,-0.2720699139968907,-0.055840639657155,0.05982533260420905,0.130006993769369,0.29161192839972194,0.6337046282609222
951,metal_cr_ox_3_spin_2_ligstr_[OH2]_[OH2]_[OH2]_[OH2]_N#CC_N#CC,22.598728,1.4934396,0.06478892,1.5832912,0.0018824209,-0.5873966338017489,-0.1205595626619067,0.056808805269108024,0.22318514530625003,0.2769082014839204,1.0878911621520801
953,metal_fe_ox_2_spin_1_ligstr_N_N_N_N_N#[C-]_[C-]#[O+],12.245103,-0.63157874,0.21325776,1.8992331,0.0037495636,0.3284614877318201,0.0674147337744853,0.06457348414928733,0.13983046387515816,0.3147562648893277,0.6815880404615366
975,metal_co_ox_3_spin_5_ligstr_[SH2]_[SH2]_[SH2]_[SH2]_[OH-]_[PH3],17.501299,0.44722322,0.27802798,2.0005188,0.0055800504,0.6399507306380094,0.1313458481156758,0.07468036536442135,0.14163225891342973,0.36402113301385186,0.6903706899315784
978,metal_cr_ox_2_spin_5_ligstr_[SH2]_[SH2]_[SH2]_[SH2]_[I-]_[C-]#[O+],11.025034,-0.8819904,0.17905243,1.6400037,0.0074633085,-0.6209080775388163,-0.1274375054248068,0.10798774057298398,0.25520215938348595,0.5263742281275878,1.2439545354797688
988,metal_fe_ox_2_spin_5_ligstr_[PH3]_[PH3]_[PH3]_[PH3]_[PH3]_[PH3],15.425808,0.021241568,0.44073445,2.5873687,0.0011639006,-0.0019346390156549,-0.000397016363564,0.027078153121207826,0.04078782436413503,0.1319894450302281,0.19881571234620687
995,metal_mn_ox_3_spin_5_ligstr_C=O_C=O_C=O_C=O_[F-]_[F-],12.164833,-0.64805365,0.19268845,1.7644227,0.00574802,-0.8825360216703135,-0.181135117662567,0.08671462447378164,0.1975443014163456,0.42268079026907246,0.9629077210737235
997,metal_co_ox_2_spin_2_ligstr_C=O_C=O_C=O_C=O_N#CC_N#CC,15.596588,0.056293145,0.42576492,2.4382763,0.0021298672,0.3463471050371485,0.0710856712125397,0.03848177541275023,0.058975300539201046,0.18757513327335162,0.2874685416622257
1003,metal_cr_ox_2_spin_1_ligstr_C=O_C=O_C=O_C=O_[SH2]_[SH2],14.504546,-0.16784179,0.38020322,2.288742,0.0026203743,0.6792244504261014,0.1394067148174876,0.04509191446095864,0.07312919270606362,0.2197955207067303,0.3564601144537512
1006,metal_fe_ox_2_spin_5_ligstr_C=O_C=O_C=O_C=O_N#C[O-]_[PH3],12.1241865,-0.65639615,0.24836773,1.9385746,0.0039912174,-0.0525096381522232,-0.010777323304655,0.06521061463607612,0.1308490908927132,0.31786188656842324,0.6378093370080156
1010,metal_fe_ox_3_spin_6_ligstr_C=O_C=O_C=O_C=O_N_N,21.768307,1.3230006,0.07721753,1.7053761,0.0012981377,0.2936400867438316,0.0602677614124325,0.04289928077242383,0.15438036320330098,0.20910777171554715,0.7525099061061755
1021,metal_co_ox_3_spin_1_ligstr_[C-]#[O+]_[C-]#[O+]_[C-]#[O+]_[C-]#[O+]_pyr_C=O,20.861324,1.1368481,0.10432348,1.6853473,0.0029873317,-0.0342918733065893,-0.0070381285231835,0.06602164949664203,0.2044067992374495,0.32181518577118245,0.996358203271464
1032,metal_fe_ox_2_spin_5_ligstr_[C-]#[O+]_[C-]#[O+]_[C-]#[O+]_[C-]#[O+]_N_[PH3],17.56039,0.45935136,0.27938795,2.1238265,0.0026255818,-0.5324417004479436,-0.1092805716224203,0.04833515797362274,0.09144486156812938,0.23560435040860353,0.44573780476151825
1034,metal_fe_ox_2_spin_5_ligstr_[OH2]_[OH2]_[OH2]_[OH2]_N_N,17.43832,0.43429744,0.29619318,2.1082535,0.00326097,-0.0414180320045254,-0.0085006974964433,0.05424426712234344,0.0996704269763637,0.26440764558429386,0.48583240827575763
1047,metal_co_ox_2_spin_4_ligstr_[SH2]_[SH2]_[SH2]_[SH2]_N#[C-]_N#CC,11.895355,-0.70336235,0.22954662,1.8484132,0.005834811,-0.0545521481444897,-0.0111965071536933,0.08292962243044884,0.17309090034244604,0.4042312188783818,0.8437123379027156
1050,metal_co_ox_3_spin_1_ligstr_C=O_C=O_C=O_C=O_[F-]_[F-],12.945061,-0.4879167,0.20559677,1.8594112,0.004412137,-0.3932630553684468,-0.0807148524278477,0.07165128607165727,0.15802137857238632,0.34925622297678754,0.77025763047131
1056,metal_cr_ox_3_spin_2_ligstr_[F-]_[F-]_[F-]_[F-]_N#CC_N#CC,2.873124,-2.5551202,0.015237291,1.1420544,0.0013024056,-0.256625663800798,-0.052670904591725,0.09575154326424319,0.7756966243867273,0.4667302455844745,3.7810469017710684
1057,metal_cr_ox_3_spin_4_ligstr_C=O_C=O_C=O_C=O_N_N,22.238647,1.4195353,0.07088568,1.6175516,0.0019951216,0.0142364023742516,0.0029220319011329,0.05683921347079375,0.21348570731357092,0.27705642288022103,1.0406123306886395
1060,metal_fe_ox_2_spin_1_ligstr_[OH2]_[OH2]_[OH2]_[OH2]_N_N,16.403551,0.22191736,0.37163046,2.122881,0.0062173456,-0.0734038695128092,-0.0150656516583637,0.07441074244581772,0.12206186079242907,0.36270688609181745,0.5949769614358043
1069,metal_mn_ox_2_spin_6_ligstr_[OH2]_[OH2]_[OH2]_[OH2]_[SH2]_[SH2],16.84475,0.31247044,0.351161,2.313434,0.0017508775,-0.0073303900899865,-0.0015046633797103,0.036511002159038596,0.06161275309005683,0.17796881829044064,0.3003245107130974
1075,metal_co_ox_2_spin_4_ligstr_pyr_pyr_pyr_pyr_[OH2]_[OH2],14.056791,-0.25974083,0.43052354,2.3697329,0.0032832453,-0.1086367514749913,-0.0222970705762203,0.04895913339655467,0.07461656815761825,0.23864584919238815,0.3637101606265281
1076,metal_co_ox_3_spin_1_ligstr_[C-]#[O+]_[C-]#[O+]_[C-]#[O+]_[C-]#[O+]_[OH-]_[OH-],14.113829,-0.24803424,0.23503865,1.882255,0.0059658317,-0.0559890315493305,-0.0114914253895808,0.08223154207242775,0.16961677151290963,0.4008285038324453,0.8267780834090114
1083,metal_fe_ox_3_spin_6_ligstr_[PH3]_[PH3]_[PH3]_[PH3]_N#CC_[PH3],19.870232,0.9334322,0.14969839,1.873642,0.002717011,0.2841838793227573,0.0583269181884944,0.055767213672757096,0.14413530829701968,0.27183107912128657,0.702571525695541
1084,metal_mn_ox_2_spin_2_ligstr_N_N_N_N_[OH2]_[OH2],16.453373,0.23214291,0.38272196,2.212438,0.004112253,-0.2958892497399468,-0.0607294977845395,0.05823849498722746,0.0941387554053031,0.28387706496642334,0.4588688905836318
1090,metal_co_ox_2_spin_2_ligstr_[PH3]_[PH3]_[PH3]_[PH3]_C=O_C=O,15.555251,0.047808945,0.43988237,2.571659,0.0013426435,-0.4031603163408928,-0.0827461765119288,0.02922814107785293,0.04406897169269774,0.142469322145518,0.21480929998199796
1101,metal_cr_ox_3_spin_4_ligstr_N#CC_N#CC_N#CC_N#CC_[OH2]_[OH2],21.094923,1.1847928,0.10640865,1.7395437,0.002513813,0.0874124121341317,0.0179408898496638,0.05830214900130205,0.17872944071071453,0.28418733937672175,0.8711967756580148
1102,metal_cr_ox_3_spin_4_ligstr_N#CC_N#CC_N#CC_N#CC_pyr_pyr,18.08892,0.56782925,0.26696187,1.9756753,0.008589411,0.567471845218467,0.1164702746378325,0.09382726059188566,0.1815952225578645,0.4573505437684437,0.8851657104627588
1104,metal_fe_ox_2_spin_1_ligstr_pyr_pyr_pyr_pyr_[OH-]_[OH-],5.0860076,-2.1009393,0.030236118,1.2622752,0.0009119058,0.5648023778788769,0.1159222794789389,0.05896528141079647,0.33910434911025117,0.287419704535414,1.6529264254490015
1118,metal_co_ox_2_spin_4_ligstr_[PH3]_[PH3]_[PH3]_[PH3]_N#C[O-]_N#C[O-],7.569765,-1.5911633,0.06667045,1.4887891,0.0011620778,-0.4579035728629961,-0.0939819159676165,0.048759230825727015,0.18883833075030754,0.23767144634941903,0.9204714355738889
1124,metal_cr_ox_3_spin_4_ligstr_N#[C-]_N#[C-]_N#[C-]_N#[C-]_[C-]#[O+]_[SH2],5.5031705,-2.015319,0.03419125,1.2668768,0.0015516042,-0.6136870029674215,-0.1259554330189982,0.07624915979679163,0.41236098964081247,0.37166804695100997,2.0100077701450982
1134,metal_fe_ox_3_spin_6_ligstr_[OH2]_[OH2]_[OH2]_[OH2]_[OH-]_[OH-],13.430698,-0.38824254,0.21371695,1.808121,0.0063546957,0.1391407751705511,0.0285577825150614,0.08867663060632,0.19181815053054174,0.43224437089513884,0.9349962355970918
1139,metal_mn_ox_3_spin_5_ligstr_N#CC_N#CC_N#CC_N#CC_[PH3]_[PH3],19.22748,0.80151147,0.18489064,1.9501708,0.0030447354,-1.271081459457914,-0.2608816852777977,0.05660749519859527,0.13164866987002924,0.2759269379403162,0.641706795782304
1141,metal_co_ox_2_spin_2_ligstr_[C-]#[O+]_[C-]#[O+]_[C-]#[O+]_[C-]#[O+]_[OH2]_C=O,18.701546,0.6935667,0.20396453,1.9098833,0.003626521,-0.0896626832683402,-0.0184027044708999,0.06313239299394,0.13978962080515417,0.3077318263694313,0.6813889554604649
1142,metal_co_ox_2_spin_4_ligstr_C=O_C=O_C=O_C=O_N_N,16.322357,0.2052528,0.4064519,2.3171792,0.0031215625,-0.2724927067250711,-0.0559274266661066,0.04868145896546392,0.07635878446792582,0.23729235606844065,0.3722024002150548
1150,metal_cr_ox_2_spin_5_ligstr_N_N_N_N_N#CC_[F-],10.305048,-1.0297632,0.15574066,1.6900806,0.0038174593,0.7322909502565818,0.1502981942379144,0.07437676733816695,0.1884674233669525,0.3625412782091973,0.9186634887960009
1151,metal_cr_ox_3_spin_2_ligstr_C=O_C=O_C=O_C=O_N_N,22.432903,1.459405,0.067321904,1.5838647,0.0023067652,-0.725354478438998,-0.1488746316852569,0.06285583296432573,0.24225201099358926,0.30638376527150724,1.180830477816366
1155,metal_cr_ox_3_spin_4_ligstr_N#CC_N#CC_N#CC_N#CC_[OH-]_[OH-],10.301147,-1.0305638,0.15880562,1.5596035,0.009441503,0.1266985880983568,0.0260040130923766,0.12989138771789574,0.32594732623278655,0.6331411194238243,1.588793981110083
1156,metal_fe_ox_2_spin_1_ligstr_N#CC_N#CC_N#CC_N#CC_[I-]_N#[C-],7.079106,-1.6918681,0.054997243,1.3550811,0.0018407181,0.7598061763353279,0.1559455880783862,0.0719995634317438,0.3070148650241486,0.35095386222377184,1.4965098051251524
1158,metal_fe_ox_2_spin_1_ligstr_[PH3]_[PH3]_[PH3]_[PH3]_[I-]_N,10.596694,-0.96990466,0.15743956,1.6845466,0.0033419412,-0.3228657367180343,-0.0662662660919133,0.06987115032462829,0.17609254072223987,0.34057914931238004,0.858343500010999
1170,metal_mn_ox_2_spin_6_ligstr_N#CC_N#CC_N#CC_N#CC_[SH2]_[SH2],15.145519,-0.036286104,0.4547955,2.4881911,0.0018391412,0.0930592614912519,0.0190997704813758,0.035154278198438964,0.0521278851544892,0.1713556182757577,0.2540915771228048
1175,metal_mn_ox_3_spin_5_ligstr_N#[C-]_N#[C-]_N#[C-]_N#[C-]_C=O_C=O,5.3818784,-2.0402136,0.03403568,1.2553504,0.0018316486,-0.7717118881340888,-0.1583890856819885,0.08469403185463056,0.4590770603468571,0.41283163633157416,2.237720059786242
1187,metal_fe_ox_2_spin_1_ligstr_N#CC_N#CC_N#CC_N#CC_N#[C-]_[C-]#[O+],11.086665,-0.86934114,0.20241727,1.7584505,0.0054241926,-0.1141105917188411,-0.0234206084667361,0.084567585263142,0.1879663673653899,0.4122152864881475,0.9162211470572834
1190,metal_fe_ox_2_spin_5_ligstr_C=O_C=O_C=O_C=O_pyr_pyr,15.186651,-0.027843948,0.46347272,2.4513884,0.0024357173,0.279256957145007,0.0573157794070919,0.04096581661383099,0.060174089575447426,0.19968331576627363,0.2933119054579107
1194,metal_fe_ox_3_spin_2_ligstr_N#CC_N#CC_N#CC_N#CC_C=O_C=O,20.076862,0.9758419,0.14479582,1.8277524,0.0031774072,-1.0471697216642468,-0.214925302714694,0.06195640547388089,0.16282016892410198,0.3019996060278044,0.7936488001904622
1197,metal_fe_ox_3_spin_6_ligstr_[OH-]_[OH-]_[OH-]_[OH-]_N_N,4.375213,-2.2468255,0.024660312,1.2066708,0.0015863834,2.181495345273251,0.4477386637667964,0.08761218632001821,0.5579113987312697,0.42705585563762916,2.7194770472327523
1200,metal_mn_ox_2_spin_6_ligstr_C=O_C=O_C=O_C=O_[PH3]_[PH3],15.951773,0.12919253,0.42042205,2.4333863,0.0017185244,0.0941043795768603,0.0193143206410958,0.03462551381744758,0.05340150342222481,0.16877821512398428,0.26029968768286815
1202,metal_mn_ox_2_spin_6_ligstr_[PH3]_[PH3]_[PH3]_[PH3]_C=O_C=O,15.455502,0.027335942,0.43939343,2.5544837,0.0013947572,0.0561341695945643,0.0115211948214451,0.029954096167656735,0.04518865762065165,0.1460079094705534,0.22026708447628257
1207,metal_co_ox_2_spin_2_ligstr_[C-]#[O+]_[C-]#[O+]_[C-]#[O+]_[C-]#[O+]_pyr_C=O,16.8429,0.31209093,0.3702186,2.2046995,0.0037341819,-0.5907937494934323,-0.1212567271655756,0.05567476207044686,0.09150171891734997,0.2713804340707744,0.44601494958509336
1211,metal_co_ox_3_spin_1_ligstr_pyr_pyr_pyr_pyr_[SH2]_[SH2],17.79493,0.5074892,0.25136518,2.0705774,0.004330486,0.0653172816112857,0.0134059468160364,0.06360031752679728,0.1268547474811757,0.3100126724497162,0.6183393544065778
1222,metal_fe_ox_2_spin_5_ligstr_C=O_C=O_C=O_C=O_N_N,16.252302,0.19087455,0.4148292,2.3335462,0.0029166392,-0.2119006427248422,-0.0434911632840481,0.04676676410293568,0.07261104075331301,0.22795938896480908,0.3539344404028383
1223,metal_fe_ox_2_spin_5_ligstr_N_N_N_N_[C-]#[O+]_[F-],12.3487425,-0.61030734,0.21487947,1.888396,0.0040303157,-0.0157389169478925,-0.0032302830244137,0.0673544409722812,0.1453010570860868,0.32831172955033905,0.708253838481974
1224,metal_fe_ox_2_spin_5_ligstr_[PH3]_[PH3]_[PH3]_[PH3]_[OH2]_[OH2],15.8972845,0.118009105,0.4284198,2.570528,0.0011588054,0.1808170818212549,0.037111513372078,0.027163292696946343,0.04149995696117566,0.13240444842065632,0.20228692346797686
1225,metal_fe_ox_2_spin_5_ligstr_pyr_pyr_pyr_pyr_[PH3]_[PH3],13.833112,-0.30564964,0.39276415,2.395937,0.0022118883,-0.1650867734155685,-0.0338830422526011,0.039806013540084915,0.063515945339987,0.19402998470773103,0.3096014096112491
1230,metal_fe_ox_3_spin_2_ligstr_[PH3]_[PH3]_[PH3]_[PH3]_pyr_[PH3],19.280468,0.8123871,0.19644624,1.8455149,0.0075165806,-1.3681454858176032,-0.2808033150504063,0.09428650262347864,0.21272947403632314,0.4595890679622166,1.0369261557072613
1238,metal_co_ox_2_spin_4_ligstr_[SH2]_[SH2]_[SH2]_[SH2]_N#CC_N#CC,15.968705,0.13266788,0.4436419,2.494812,0.0017587837,0.2396950514501536,0.0491959797763123,0.03430148547616816,0.051498745509218506,0.16719877502154837,0.2510249059117333
1244,metal_fe_ox_2_spin_1_ligstr_C=O_C=O_C=O_C=O_[SH2]_[SH2],15.635704,0.06432143,0.42609242,2.3609612,0.0028909033,0.0392510478995316,0.0080560655171358,0.04608864185245309,0.07060606469094859,0.22465395749379247,0.34416140763410386
1255,metal_mn_ox_2_spin_6_ligstr_[C-]#[O+]_[C-]#[O+]_[C-]#[O+]_[C-]#[O+]_N#CC_[PH3],17.816923,0.5120033,0.27648607,2.0969846,0.0026539068,0.2831625823149082,0.0581174019371597,0.04918612036425597,0.09354184691888504,0.23975227191486417,0.4559593265707727
1258,metal_mn_ox_2_spin_6_ligstr_[SH2]_[SH2]_[SH2]_[SH2]_C=O_C=O,16.141016,0.16803363,0.41738346,2.4906955,0.0013620439,0.0608123287249284,0.0124813950974179,0.030227420146540604,0.04678789052634132,0.14734019679919252,0.22806236736545193
1259,metal_co_ox_2_spin_2_ligstr_N#CC_N#CC_N#CC_N#CC_pyr_pyr,13.955199,-0.2805919,0.42039093,2.3943186,0.0022659407,0.0377967127486353,0.0077575775430011,0.04031282744998802,0.06217511409591507,0.1965003927301053,0.30306567687526587
1262,metal_co_ox_3_spin_1_ligstr_N#CC_N#CC_N#CC_N#CC_[I-]_[I-],10.711473,-0.9463469,0.13257526,1.6376967,0.0026808875,0.0039751379028487,0.0008158228225942,0.06483838816855282,0.17807418539781242,0.316047510061501,0.8680028065303595
1265,metal_cr_ox_2_spin_5_ligstr_[SH2]_[SH2]_[SH2]_[SH2]_N#CC_N#CC,15.157397,-0.03384821,0.43684208,2.459465,0.002051767,0.5235383963368481,0.1074529855143661,0.03749446645687323,0.056728976072294594,0.18276260560293542,0.27651908294479965
1266,metal_cr_ox_3_spin_2_ligstr_N_N_N_N_[OH2]_[OH2],23.990137,1.7790178,0.04031208,1.4594136,0.0016964084,-0.7300267406887357,-0.1498334463818611,0.06076636856289505,0.3026534854879537,0.29619890349305555,1.475250745765683
1267,metal_cr_ox_3_spin_4_ligstr_N#CC_N#CC_N#CC_N#CC_N#CC_[SH2],20.472729,1.057091,0.13910873,1.7912743,0.0037651574,0.3327965958534378,0.0683043098187465,0.06898077001239646,0.18494851350966757,0.33623908953240644,0.9015109541642845
1273,metal_fe_ox_3_spin_2_ligstr_N#[C-]_N#[C-]_N#[C-]_N#[C-]_[OH2]_[OH2],5.2296824,-2.071451,0.031414438,1.2551807,0.001555603,-1.3893817226728054,-0.2851621234269048,0.07807742355542871,0.4405151270748083,0.38057971525391165,2.1472419810081513
1278,metal_fe_ox_3_spin_6_ligstr_[I-]_[I-]_[I-]_[I-]_N#CC_N#CC,3.0729215,-2.514113,0.010738821,1.1143364,0.0008612973,-0.5109567623584956,-0.1048707703031706,0.08679291725048749,0.8375408227321646,0.4230624196993007,4.082499566633963
1288,metal_co_ox_3_spin_1_ligstr_pyr_pyr_pyr_pyr_[OH2]_[OH2],18.152945,0.58096975,0.22502817,2.0435405,0.003711302,0.1231592518973059,0.0252778011340721,0.05963599826536127,0.12571585380478964,0.2906890392278562,0.6127879438793621
1294,metal_cr_ox_3_spin_2_ligstr_[PH3]_[PH3]_[PH3]_[PH3]_[OH-]_[PH3],17.097925,0.36443335,0.29548314,1.9294956,0.010689062,0.2641208611137777,0.0542091866104768,0.10723736372128367,0.19727850866170724,0.5227165996410319,0.9616121438598441
1301,metal_fe_ox_3_spin_6_ligstr_N#CC_N#CC_N#CC_N#CC_[OH2]_[C-]#[O+],21.655285,1.2998034,0.08230281,1.7251494,0.0013276137,-0.3231852807829476,-0.0663320053711913,0.04278801276514597,0.14914709027145123,0.20856540819228594,0.7270008993849758
1314,metal_cr_ox_3_spin_4_ligstr_N#[C-]_N#[C-]_N#[C-]_N#[C-]_[SH2]_[SH2],5.3298182,-2.0508986,0.03301338,1.2551306,0.0015669264,-0.5527246347383725,-0.113443234428143,0.0783687687567007,0.43131844244339906,0.38199984502627754,2.1024137648744956
1318,metal_fe_ox_2_spin_5_ligstr_C=O_C=O_C=O_C=O_N#[C-]_N#CC,12.301182,-0.6200689,0.2555487,1.9351501,0.0043039443,0.1576501823451579,0.0323567393216708,0.06784106527136335,0.13420102125912334,0.3306837255607971,0.6541479486874042
1323,metal_fe_ox_3_spin_6_ligstr_N#[C-]_N#[C-]_N#[C-]_N#[C-]_[OH2]_[OH2],5.291308,-2.0588026,0.031933334,1.2580805,0.00153848,0.1158149684182729,0.0237703887531428,0.07720907184812845,0.43206212769440755,0.3763470314580642,2.1060387758978987
1326,metal_mn_ox_2_spin_2_ligstr_[PH3]_[PH3]_[PH3]_[PH3]_N#C[O-]_[OH2],11.194574,-0.84719324,0.1932222,1.8146317,0.003564047,-0.3238723879303045,-0.0664727455240697,0.06614409189574395,0.15047437460905316,0.3224120176242742,0.7334705992324216
1338,metal_co_ox_3_spin_1_ligstr_[SH2]_[SH2]_[SH2]_[SH2]_[OH-]_[PH3],18.19141,0.5888643,0.22885232,1.878257,0.0065735895,1.5045405140206078,0.308797629313123,0.0865148143464705,0.18084762945929242,0.4217068380317405,0.8815216510711427
1342,metal_cr_ox_3_spin_4_ligstr_N_N_N_N_C=O_C=O,22.310127,1.434206,0.07219109,1.5766342,0.0026819396,-0.1546683187181692,-0.031744691695319,0.06819841763184695,0.2538238916665006,0.33242559988765175,1.2372363228212584
1346,metal_fe_ox_2_spin_1_ligstr_[PH3]_[PH3]_[PH3]_[PH3]_N#CC_N#CC,14.733578,-0.12083456,0.40964803,2.482978,0.0015417116,0.0427554017862359,0.0087752369798688,0.03224290887675398,0.05037659160824787,0.15716447239785555,0.24555509155753286
1349,metal_fe_ox_3_spin_6_ligstr_N#CC_N#CC_N#CC_N#CC_N_[SH2],20.496841,1.0620402,0.12096316,1.8521242,0.0017222718,0.546896490961224,0.1122472322366381,0.044957214571766206,0.12926258414435113,0.21913894108179943,0.6300760863569946
1359,metal_co_ox_3_spin_5_ligstr_C=O_C=O_C=O_C=O_N#[C-]_N#CC,17.642666,0.4762382,0.27565634,2.035068,0.0045694737,0.6176700621296511,0.126773147660245,0.06644291075398741,0.12655073071115,0.32386857690612675,0.6168574584819939
1360,metal_cr_ox_2_spin_5_ligstr_C=O_C=O_C=O_C=O_[F-]_[F-],7.2146497,-1.6640484,0.06025976,1.4149305,0.0014682041,0.1080147270857869,0.0221694689103355,0.059484735738667305,0.24232143810741874,0.28995172686896536,1.1811688925591806
1361,metal_cr_ox_2_spin_5_ligstr_N#CC_N#CC_N#CC_N#CC_N#[C-]_N#[C-],6.909839,-1.726609,0.057278592,1.3655916,0.0018178916,0.1859450415034045,0.0381641284425409,0.07051571066449736,0.2946386529026695,0.3437209869837677,1.4361833359535523
1368,metal_fe_ox_2_spin_1_ligstr_N#CC_N#CC_N#CC_N#CC_[PH3]_[PH3],14.414832,-0.18625517,0.44976723,2.3771694,0.0029961036,0.1225419143765993,0.0251509073403746,0.04664281262030849,0.06954898980096831,0.2273552012519542,0.33900881367914126
1378,metal_mn_ox_2_spin_6_ligstr_N_N_N_N_N#[C-]_N#[C-],7.8173175,-1.5403546,0.07181028,1.4324219,0.0026124662,0.8822325677498455,0.1810728883421013,0.07772692734941473,0.2900535530191652,0.3788712604892936,1.413833776649306
1380,metal_mn_ox_2_spin_6_ligstr_pyr_pyr_pyr_pyr_N_N,13.664898,-0.3401745,0.38090602,2.252214,0.003447426,-0.1462817839437686,-0.0300234276386087,0.052469653820375266,0.08501572849447653,0.25575749046398066,0.4143997108147671
1390,metal_co_ox_2_spin_4_ligstr_[PH3]_[PH3]_[PH3]_[PH3]_[OH2]_[OH2],15.9892645,0.13688745,0.42402947,2.5591724,0.001200062,0.2422560002566225,0.0497214877713809,0.02774308629751535,0.04260462551067382,0.13523058782642122,0.20767150742161491
1391,metal_co_ox_3_spin_5_ligstr_[C-]#[O+]_[C-]#[O+]_[C-]#[O+]_[C-]#[O+]_[OH-]_N#[C-],14.0406,-0.26306403,0.23360091,1.8624873,0.0062132534,-0.5360761548183977,-0.1100263902246337,0.08487566278071951,0.17560865374524873,0.41371697607492725,0.8559848467725552
1392,metal_co_ox_3_spin_5_ligstr_[C-]#[O+]_[C-]#[O+]_[C-]#[O+]_[C-]#[O+]_[OH-]_[OH-],13.706564,-0.33162284,0.22840391,1.8594286,0.006157306,-0.8144220335854513,-0.167155171330446,0.0846428869566316,0.177108212764443,0.41258233621598667,0.863294280390408
1396,metal_cr_ox_3_spin_2_ligstr_[C-]#[O+]_[C-]#[O+]_[C-]#[O+]_[C-]#[O+]_[C-]#[O+]_[S--],14.074718,-0.25606143,0.23641357,1.8338089,0.00698799,0.7395360974844589,0.1517851755069442,0.09154673801979216,0.18828107688208848,0.4462343901917147,0.9177551635859897
